name,url,remote_support,adaptive_support,duration,test_type,name_idx,test_type_mapped
Account Manager Solution,https://www.shl.com/solutions/products/product-catalog/view/account-manager-solution/,Yes,Yes,49.0,"C,P,A,B,",0 Account Manager Solution,"Competencies, Personality & Behavior, Ability & Aptitude, Biodata & Situational Judgement"
Administrative Professional - Short Form,https://www.shl.com/solutions/products/product-catalog/view/administrative-professional-short-form/,Yes,Yes,36.0,"A,K,P,",1 Administrative Professional - Short Form,"Ability & Aptitude, Knowledge & Skills, Personality & Behavior"
Agency Manager Solution,https://www.shl.com/solutions/products/product-catalog/view/agency-manager-solution/,Yes,Yes,51.0,"A,B,P,S,",2 Agency Manager Solution,"Ability & Aptitude, Biodata & Situational Judgement, Personality & Behavior, Simulations"
Apprentice + 8.0 Job Focused Assessment,https://www.shl.com/solutions/products/product-catalog/view/apprentice-8-0-job-focused-assessment-4261/,Yes,No,30.0,"B,P,",3 Apprentice + 8.0 Job Focused Assessment,"Biodata & Situational Judgement, Personality & Behavior"
Apprentice 8.0 Job Focused Assessment,https://www.shl.com/solutions/products/product-catalog/view/apprentice-8-0-job-focused-assessment/,Yes,No,20.0,"B,P,",4 Apprentice 8.0 Job Focused Assessment,"Biodata & Situational Judgement, Personality & Behavior"
Bank Administrative Assistant - Short Form,https://www.shl.com/solutions/products/product-catalog/view/bank-administrative-assistant-short-form/,Yes,No,35.0,"A,B,K,P,",5 Bank Administrative Assistant - Short Form,"Ability & Aptitude, Biodata & Situational Judgement, Knowledge & Skills, Personality & Behavior"
Bank Collections Agent - Short Form,https://www.shl.com/solutions/products/product-catalog/view/bank-collections-agent-short-form/,Yes,No,45.0,"A,B,P,",6 Bank Collections Agent - Short Form,"Ability & Aptitude, Biodata & Situational Judgement, Personality & Behavior"
Bank Operations Supervisor - Short Form,https://www.shl.com/solutions/products/product-catalog/view/bank-operations-supervisor-short-form/,Yes,Yes,45.0,"A,B,P,S,",7 Bank Operations Supervisor - Short Form,"Ability & Aptitude, Biodata & Situational Judgement, Personality & Behavior, Simulations"
Bilingual Spanish Reservation Agent Solution,https://www.shl.com/solutions/products/product-catalog/view/bilingual-spanish-reservation-agent-solution/,Yes,Yes,43.0,"B,P,S,A,",8 Bilingual Spanish Reservation Agent Solution,"Biodata & Situational Judgement, Personality & Behavior, Simulations, Ability & Aptitude"
"Bookkeeping, Accounting, Auditing Clerk Short Form",https://www.shl.com/solutions/products/product-catalog/view/bookkeeping-accounting-auditing-clerk-short-form/,Yes,Yes,49.0,"P,S,K,B,A,","9 Bookkeeping, Accounting, Auditing Clerk Short Form","Personality & Behavior, Simulations, Knowledge & Skills, Biodata & Situational Judgement, Ability & Aptitude"
Branch Manager - Short Form,https://www.shl.com/solutions/products/product-catalog/view/branch-manager-short-form/,Yes,No,50.0,"A,B,P,",10 Branch Manager - Short Form,"Ability & Aptitude, Biodata & Situational Judgement, Personality & Behavior"
Cashier Solution,https://www.shl.com/solutions/products/product-catalog/view/cashier-solution/,Yes,Yes,28.0,"B,A,P,",11 Cashier Solution,"Biodata & Situational Judgement, Ability & Aptitude, Personality & Behavior"
Global Skills Development Report,https://www.shl.com/solutions/products/product-catalog/view/global-skills-development-report/,Yes,No,0.0,"A,E,B,C,D,P,",12 Global Skills Development Report,"Ability & Aptitude, Assessment Exercises, Biodata & Situational Judgement, Competencies, Development & 360, Personality & Behavior"
.NET Framework 4.5,https://www.shl.com/solutions/products/product-catalog/view/net-framework-4-5/,Yes,Yes,30.0,"K,",13 .NET Framework 4.5,Knowledge & Skills
.NET MVC (New),https://www.shl.com/solutions/products/product-catalog/view/net-mvc-new/,Yes,No,17.0,"K,",14 .NET MVC (New),Knowledge & Skills
.NET MVVM (New),https://www.shl.com/solutions/products/product-catalog/view/net-mvvm-new/,Yes,No,5.0,"K,",15 .NET MVVM (New),Knowledge & Skills
.NET WCF (New),https://www.shl.com/solutions/products/product-catalog/view/net-wcf-new/,Yes,No,11.0,"K,",16 .NET WCF (New),Knowledge & Skills
.NET WPF (New),https://www.shl.com/solutions/products/product-catalog/view/net-wpf-new/,Yes,No,9.0,"K,",17 .NET WPF (New),Knowledge & Skills
.NET XAML (New),https://www.shl.com/solutions/products/product-catalog/view/net-xaml-new/,Yes,No,5.0,"K,",18 .NET XAML (New),Knowledge & Skills
Accounts Payable (New),https://www.shl.com/solutions/products/product-catalog/view/accounts-payable-new/,Yes,No,9.0,"K,",19 Accounts Payable (New),Knowledge & Skills
Accounts Payable Simulation (New),https://www.shl.com/solutions/products/product-catalog/view/accounts-payable-simulation-new/,Yes,No,8.0,"S,",20 Accounts Payable Simulation (New),Simulations
Accounts Receivable (New),https://www.shl.com/solutions/products/product-catalog/view/accounts-receivable-new/,Yes,No,13.0,"K,",21 Accounts Receivable (New),Knowledge & Skills
Accounts Receivable Simulation (New),https://www.shl.com/solutions/products/product-catalog/view/accounts-receivable-simulation-new/,Yes,No,8.0,"S,",22 Accounts Receivable Simulation (New),Simulations
ADO.NET (New),https://www.shl.com/solutions/products/product-catalog/view/ado-net-new/,Yes,No,10.0,"K,",23 ADO.NET (New),Knowledge & Skills
Claims/Operations Supervisor Solution,https://www.shl.com/solutions/products/product-catalog/view/claimsoperations-supervisor-solution/,Yes,Yes,48.0,"P,S,A,B,",24 Claims/Operations Supervisor Solution,"Personality & Behavior, Simulations, Ability & Aptitude, Biodata & Situational Judgement"
Contact Center Customer Service + 8.0,https://www.shl.com/solutions/products/product-catalog/view/contact-center-customer-service-8-0/,Yes,No,41.0,"A,B,C,P,S,",25 Contact Center Customer Service + 8.0,"Ability & Aptitude, Biodata & Situational Judgement, Competencies, Personality & Behavior, Simulations"
Contact Center Customer Service 8.0,https://www.shl.com/solutions/products/product-catalog/view/contact-center-customer-service-8-0-4269/,Yes,No,31.0,"S,B,C,P,",26 Contact Center Customer Service 8.0,"Simulations, Biodata & Situational Judgement, Competencies, Personality & Behavior"
Contact Center Manager - Short Form,https://www.shl.com/solutions/products/product-catalog/view/contact-center-manager-short-form/,Yes,Yes,50.0,"A,B,P,S,",27 Contact Center Manager - Short Form,"Ability & Aptitude, Biodata & Situational Judgement, Personality & Behavior, Simulations"
Contact Center Sales & Service + 8.0,https://www.shl.com/solutions/products/product-catalog/view/contact-center-sales-and-service-8-0/,Yes,No,41.0,"P,B,C,A,S,",28 Contact Center Sales & Service + 8.0,"Personality & Behavior, Biodata & Situational Judgement, Competencies, Ability & Aptitude, Simulations"
Contact Center Sales & Service 8.0,https://www.shl.com/solutions/products/product-catalog/view/contact-center-sales-and-service-8-0-4268/,Yes,No,31.0,"S,B,C,P,",29 Contact Center Sales & Service 8.0,"Simulations, Biodata & Situational Judgement, Competencies, Personality & Behavior"
Contact Center Team Lead/Coach - Short Form,https://www.shl.com/solutions/products/product-catalog/view/contact-center-team-leadcoach-short-form/,Yes,Yes,45.0,"A,B,P,S,",30 Contact Center Team Lead/Coach - Short Form,"Ability & Aptitude, Biodata & Situational Judgement, Personality & Behavior, Simulations"
Contact Centre Agent Solution - UK,https://www.shl.com/solutions/products/product-catalog/view/contact-centre-agent-solution-uk/,Yes,No,39.0,"A,B,P,S,",31 Contact Centre Agent Solution - UK,"Ability & Aptitude, Biodata & Situational Judgement, Personality & Behavior, Simulations"
Customer Service - Short Form,https://www.shl.com/solutions/products/product-catalog/view/customer-service-short-form/,Yes,Yes,42.0,"A,B,P,",32 Customer Service - Short Form,"Ability & Aptitude, Biodata & Situational Judgement, Personality & Behavior"
Customer Service - Short Form - UK,https://www.shl.com/solutions/products/product-catalog/view/customer-service-short-form-uk/,Yes,Yes,42.0,"A,B,P,",33 Customer Service - Short Form - UK,"Ability & Aptitude, Biodata & Situational Judgement, Personality & Behavior"
Customer Service with Sales - Short Form,https://www.shl.com/solutions/products/product-catalog/view/customer-service-with-sales-short-form/,Yes,Yes,44.0,"A,B,P,",34 Customer Service with Sales - Short Form,"Ability & Aptitude, Biodata & Situational Judgement, Personality & Behavior"
Director - Short Form,https://www.shl.com/solutions/products/product-catalog/view/director-short-form/,Yes,Yes,69.0,"A,B,P,",35 Director - Short Form,"Ability & Aptitude, Biodata & Situational Judgement, Personality & Behavior"
District/Regional Manager Solution,https://www.shl.com/solutions/products/product-catalog/view/districtregional-manager-solution/,Yes,Yes,65.0,"A,B,P,",36 District/Regional Manager Solution,"Ability & Aptitude, Biodata & Situational Judgement, Personality & Behavior"
Entry Level Cashier 7.1 (Americas),https://www.shl.com/solutions/products/product-catalog/view/entry-level-cashier-7-1-%28americas%29/,Yes,No,18.0,"B,P,A,",37 Entry Level Cashier 7.1 (Americas),"Biodata & Situational Judgement, Personality & Behavior, Ability & Aptitude"
Entry Level Cashier 7.1 (International),https://www.shl.com/solutions/products/product-catalog/view/entry-level-cashier-7-1-%28international%29/,Yes,No,18.0,"A,B,P,",38 Entry Level Cashier 7.1 (International),"Ability & Aptitude, Biodata & Situational Judgement, Personality & Behavior"
Entry Level Customer Service 7.1 (Americas),https://www.shl.com/solutions/products/product-catalog/view/entry-level-customer-service-7-1-%28americas%29/,Yes,No,19.0,"C,P,",39 Entry Level Customer Service 7.1 (Americas),"Competencies, Personality & Behavior"
Entry Level Customer Service 7.1 (International),https://www.shl.com/solutions/products/product-catalog/view/entry-level-customer-service-%28retail-and-cc%29-7-1/,Yes,No,19.0,"C,P,",40 Entry Level Customer Service 7.1 (International),"Competencies, Personality & Behavior"
Entry Level Customer Service 7.1 (South Africa),https://www.shl.com/solutions/products/product-catalog/view/entry-level-customer-service-7-1-%28south-africa%29/,Yes,No,19.0,"C,P,",41 Entry Level Customer Service 7.1 (South Africa),"Competencies, Personality & Behavior"
Entry level Sales 7.1 (Americas),https://www.shl.com/solutions/products/product-catalog/view/entry-level-sales-7-1-%28americas%29/,Yes,No,20.0,"B,C,P,",42 Entry level Sales 7.1 (Americas),"Biodata & Situational Judgement, Competencies, Personality & Behavior"
Entry level Sales 7.1 (International),https://www.shl.com/solutions/products/product-catalog/view/entry-level-sales-7-1/,Yes,No,20.0,"P,B,C,",43 Entry level Sales 7.1 (International),"Personality & Behavior, Biodata & Situational Judgement, Competencies"
Entry Level Sales Sift Out 7.1,https://www.shl.com/solutions/products/product-catalog/view/entry-level-sales-sift-out-7-1/,Yes,No,20.0,"C,P,B,",44 Entry Level Sales Sift Out 7.1,"Competencies, Personality & Behavior, Biodata & Situational Judgement"
Event Sales Manager Solution,https://www.shl.com/solutions/products/product-catalog/view/event-sales-manager-solution/,Yes,Yes,50.0,"S,A,B,P,",45 Event Sales Manager Solution,"Simulations, Ability & Aptitude, Biodata & Situational Judgement, Personality & Behavior"
Executive - Short Form,https://www.shl.com/solutions/products/product-catalog/view/executive-short-form/,Yes,Yes,74.0,"A,B,P,",46 Executive - Short Form,"Ability & Aptitude, Biodata & Situational Judgement, Personality & Behavior"
Financial Professional - Short Form,https://www.shl.com/solutions/products/product-catalog/view/financial-professional-short-form/,Yes,No,35.0,"A,B,P,",47 Financial Professional - Short Form,"Ability & Aptitude, Biodata & Situational Judgement, Personality & Behavior"
Adobe Experience Manager (New),https://www.shl.com/solutions/products/product-catalog/view/adobe-experience-manager-new/,Yes,No,17.0,"K,",48 Adobe Experience Manager (New),Knowledge & Skills
Adobe Photoshop CC,https://www.shl.com/solutions/products/product-catalog/view/adobe-photoshop-cc/,Yes,Yes,20.0,"K,",49 Adobe Photoshop CC,Knowledge & Skills
Aeronautical Engineering (New),https://www.shl.com/solutions/products/product-catalog/view/aeronautical-engineering-new/,Yes,No,10.0,"K,",50 Aeronautical Engineering (New),Knowledge & Skills
Aerospace Engineering (New),https://www.shl.com/solutions/products/product-catalog/view/aerospace-engineering-new/,Yes,No,10.0,"K,",51 Aerospace Engineering (New),Knowledge & Skills
Agile Software Development,https://www.shl.com/solutions/products/product-catalog/view/agile-software-development/,Yes,No,7.0,"K,",52 Agile Software Development,Knowledge & Skills
Agile Testing (New),https://www.shl.com/solutions/products/product-catalog/view/agile-testing-new/,Yes,No,13.0,"K,",53 Agile Testing (New),Knowledge & Skills
AI Skills,https://www.shl.com/solutions/products/product-catalog/view/ai-skills/,Yes,No,16.0,"P,",54 AI Skills,Personality & Behavior
Amazon Web Services (AWS) Development (New),https://www.shl.com/solutions/products/product-catalog/view/amazon-web-services-aws-development-new/,Yes,No,6.0,"K,",55 Amazon Web Services (AWS) Development (New),Knowledge & Skills
Android Development (New),https://www.shl.com/solutions/products/product-catalog/view/android-development-new/,Yes,No,7.0,"K,",56 Android Development (New),Knowledge & Skills
Angular 6 (New),https://www.shl.com/solutions/products/product-catalog/view/angular-6-new/,Yes,No,11.0,"K,",57 Angular 6 (New),Knowledge & Skills
AngularJS (New),https://www.shl.com/solutions/products/product-catalog/view/angularjs-new/,Yes,No,9.0,"K,",58 AngularJS (New),Knowledge & Skills
Apache Hadoop (New),https://www.shl.com/solutions/products/product-catalog/view/apache-hadoop-new/,Yes,No,7.0,"K,",59 Apache Hadoop (New),Knowledge & Skills
Apache Hadoop Extensions (New),https://www.shl.com/solutions/products/product-catalog/view/apache-hadoop-extensions-new/,Yes,No,9.0,"K,",60 Apache Hadoop Extensions (New),Knowledge & Skills
Apache HBase (New),https://www.shl.com/solutions/products/product-catalog/view/apache-hbase-new/,Yes,No,5.0,"K,",61 Apache HBase (New),Knowledge & Skills
Apache Hive (New),https://www.shl.com/solutions/products/product-catalog/view/apache-hive-new/,Yes,No,5.0,"K,",62 Apache Hive (New),Knowledge & Skills
Apache Kafka (New),https://www.shl.com/solutions/products/product-catalog/view/apache-kafka-new/,Yes,No,6.0,"K,",63 Apache Kafka (New),Knowledge & Skills
Automata Data Science (New),https://www.shl.com/solutions/products/product-catalog/view/automata-data-science-new/,Yes,No,0.0,"S,",64 Automata Data Science (New),Simulations
Automata Data Science Pro (New),https://www.shl.com/solutions/products/product-catalog/view/automata-data-science-pro-new/,Yes,No,0.0,"S,",65 Automata Data Science Pro (New),Simulations
Automata Front End,https://www.shl.com/solutions/products/product-catalog/view/automata-front-end/,Yes,No,30.0,"S,",66 Automata Front End,Simulations
Automata Pro (New),https://www.shl.com/solutions/products/product-catalog/view/automata-pro-new/,Yes,No,0.0,"S,",67 Automata Pro (New),Simulations
Automata Selenium,https://www.shl.com/solutions/products/product-catalog/view/automata-selenium/,Yes,No,60.0,"S,",68 Automata Selenium,Simulations
Automation Anywhere RPA Development (New),https://www.shl.com/solutions/products/product-catalog/view/automation-anywhere-rpa-development-new/,Yes,No,8.0,"K,",69 Automation Anywhere RPA Development (New),Knowledge & Skills
Automotive Engineering (New),https://www.shl.com/solutions/products/product-catalog/view/automotive-engineering-new/,Yes,No,13.0,"K,",70 Automotive Engineering (New),Knowledge & Skills
Basic Biology (New),https://www.shl.com/solutions/products/product-catalog/view/basic-biology-new/,Yes,No,6.0,"K,",71 Basic Biology (New),Knowledge & Skills
Basic Computer Literacy (Windows 10) (New),https://www.shl.com/solutions/products/product-catalog/view/basic-computer-literacy-windows-10-new/,Yes,No,30.0,"S,K,",72 Basic Computer Literacy (Windows 10) (New),"Simulations, Knowledge & Skills"
Basic Statistics (New),https://www.shl.com/solutions/products/product-catalog/view/basic-statistics-new/,Yes,No,10.0,"K,",73 Basic Statistics (New),Knowledge & Skills
Biochemistry (New),https://www.shl.com/solutions/products/product-catalog/view/biochemistry-new/,Yes,No,8.0,"K,",74 Biochemistry (New),Knowledge & Skills
Biotech Lab Techniques (New),https://www.shl.com/solutions/products/product-catalog/view/biotech-lab-techniques-new/,Yes,No,5.0,"K,",75 Biotech Lab Techniques (New),Knowledge & Skills
BizTalk (New),https://www.shl.com/solutions/products/product-catalog/view/biztalk-new/,Yes,No,16.0,"K,",76 BizTalk (New),Knowledge & Skills
Business Communication (adaptive),https://www.shl.com/solutions/products/product-catalog/view/business-communication-adaptive/,Yes,Yes,24.0,"K,",77 Business Communication (adaptive),Knowledge & Skills
Business Communications,https://www.shl.com/solutions/products/product-catalog/view/business-communications/,Yes,No,35.0,"K,",78 Business Communications,Knowledge & Skills
C Programming (New),https://www.shl.com/solutions/products/product-catalog/view/c-programming-new/,Yes,No,10.0,"K,",79 C Programming (New),Knowledge & Skills
C# Programming (New),https://www.shl.com/solutions/products/product-catalog/view/c-programming-new-4039/,Yes,No,9.0,"K,",80 C# Programming (New),Knowledge & Skills
C++ Programming (New),https://www.shl.com/solutions/products/product-catalog/view/c-programming-new-4122/,Yes,No,10.0,"K,",81 C++ Programming (New),Knowledge & Skills
Cardiology and Diabetes Management (New),https://www.shl.com/solutions/products/product-catalog/view/cardiology-and-diabetes-management-new/,Yes,No,4.0,"K,",82 Cardiology and Diabetes Management (New),Knowledge & Skills
Ceramic Engineering (New),https://www.shl.com/solutions/products/product-catalog/view/ceramic-engineering-new/,Yes,No,12.0,"K,",83 Ceramic Engineering (New),Knowledge & Skills
Chemical Engineering (New),https://www.shl.com/solutions/products/product-catalog/view/chemical-engineering-new/,Yes,No,13.0,"K,",84 Chemical Engineering (New),Knowledge & Skills
Cisco AppDynamics (New),https://www.shl.com/solutions/products/product-catalog/view/cisco-appdynamics-new/,Yes,No,9.0,"K,",85 Cisco AppDynamics (New),Knowledge & Skills
Civil Engineering (New),https://www.shl.com/solutions/products/product-catalog/view/civil-engineering-new/,Yes,No,10.0,"K,",86 Civil Engineering (New),Knowledge & Skills
Cloud Computing (New),https://www.shl.com/solutions/products/product-catalog/view/cloud-computing-new/,Yes,No,8.0,"K,",87 Cloud Computing (New),Knowledge & Skills
COBOL Programming (New),https://www.shl.com/solutions/products/product-catalog/view/cobol-programming-new/,Yes,No,10.0,"K,",88 COBOL Programming (New),Knowledge & Skills
Computer Science (New),https://www.shl.com/solutions/products/product-catalog/view/computer-science-new/,Yes,No,12.0,"K,",89 Computer Science (New),Knowledge & Skills
Contact Center Call Simulation (New),https://www.shl.com/solutions/products/product-catalog/view/contact-center-call-simulation-new/,Yes,No,15.0,"S,",90 Contact Center Call Simulation (New),Simulations
Conversational Multichat Simulation,https://www.shl.com/solutions/products/product-catalog/view/conversational-multichat-simulation/,Yes,No,11.0,"S,",91 Conversational Multichat Simulation,Simulations
Core Java (Advanced Level) (New),https://www.shl.com/solutions/products/product-catalog/view/core-java-advanced-level-new/,Yes,No,13.0,"K,",92 Core Java (Advanced Level) (New),Knowledge & Skills
Core Java (Entry Level) (New),https://www.shl.com/solutions/products/product-catalog/view/core-java-entry-level-new/,Yes,No,13.0,"K,",93 Core Java (Entry Level) (New),Knowledge & Skills
Count Out The Money,https://www.shl.com/solutions/products/product-catalog/view/count-out-the-money/,Yes,Yes,5.0,"K,S,",94 Count Out The Money,"Knowledge & Skills, Simulations"
CSS3 (New),https://www.shl.com/solutions/products/product-catalog/view/css3-new/,Yes,No,8.0,"K,",95 CSS3 (New),Knowledge & Skills
Culinary Skills (New),https://www.shl.com/solutions/products/product-catalog/view/culinary-skills-new/,Yes,No,7.0,"K,",96 Culinary Skills (New),Knowledge & Skills
Customer Service Phone Simulation,https://www.shl.com/solutions/products/product-catalog/view/customer-service-phone-simulation/,Yes,No,20.0,"B,S,",97 Customer Service Phone Simulation,"Biodata & Situational Judgement, Simulations"
Customer Service Phone Solution,https://www.shl.com/solutions/products/product-catalog/view/customer-service-phone-solution/,Yes,No,30.0,"B,P,S,",98 Customer Service Phone Solution,"Biodata & Situational Judgement, Personality & Behavior, Simulations"
Cyber Risk (New),https://www.shl.com/solutions/products/product-catalog/view/cyber-risk-new/,Yes,No,9.0,"K,",99 Cyber Risk (New),Knowledge & Skills
Data Entry (New),https://www.shl.com/solutions/products/product-catalog/view/data-entry-new/,Yes,No,4.0,"S,",100 Data Entry (New),Simulations
Data Entry Alphanumeric Split Screen - US,https://www.shl.com/solutions/products/product-catalog/view/data-entry-alphanumeric-split-screen-us/,Yes,No,5.0,"K,",101 Data Entry Alphanumeric Split Screen - US,Knowledge & Skills
Data Entry Numeric Split Screen - US,https://www.shl.com/solutions/products/product-catalog/view/data-entry-numeric-split-screen-us/,Yes,No,5.0,"K,",102 Data Entry Numeric Split Screen - US,Knowledge & Skills
Data Entry Ten Key Split Screen,https://www.shl.com/solutions/products/product-catalog/view/data-entry-ten-key-split-screen/,Yes,No,3.0,"K,",103 Data Entry Ten Key Split Screen,Knowledge & Skills
Data Science (New),https://www.shl.com/solutions/products/product-catalog/view/data-science-new/,Yes,No,14.0,"K,",104 Data Science (New),Knowledge & Skills
Data Warehousing Concepts,https://www.shl.com/solutions/products/product-catalog/view/data-warehousing-concepts/,Yes,Yes,25.0,"K,",105 Data Warehousing Concepts,Knowledge & Skills
Dependability and Safety Instrument (DSI),https://www.shl.com/solutions/products/product-catalog/view/dependability-and-safety-instrument-dsi/,Yes,No,10.0,"P,",106 Dependability and Safety Instrument (DSI),Personality & Behavior
Dermatology (New),https://www.shl.com/solutions/products/product-catalog/view/dermatology-new/,Yes,No,3.0,"K,",107 Dermatology (New),Knowledge & Skills
Desktop Support (New),https://www.shl.com/solutions/products/product-catalog/view/desktop-support-new/,Yes,No,8.0,"K,",108 Desktop Support (New),Knowledge & Skills
Digital Advertising (New),https://www.shl.com/solutions/products/product-catalog/view/digital-advertising-new/,Yes,No,7.0,"K,",109 Digital Advertising (New),Knowledge & Skills
Digital Readiness Development Report - IC,https://www.shl.com/solutions/products/product-catalog/view/digital-readiness-development-report/,Yes,No,0.0,"P,",110 Digital Readiness Development Report - IC,Personality & Behavior
Digital Readiness Development Report - Manager,https://www.shl.com/solutions/products/product-catalog/view/digital-readiness-development-report-manager/,Yes,No,0.0,"P,",111 Digital Readiness Development Report - Manager,Personality & Behavior
Docker (New),https://www.shl.com/solutions/products/product-catalog/view/docker-new/,Yes,No,10.0,"K,",112 Docker (New),Knowledge & Skills
Dojo (New),https://www.shl.com/solutions/products/product-catalog/view/dojo-new/,Yes,No,11.0,"K,",113 Dojo (New),Knowledge & Skills
Drupal (New),https://www.shl.com/solutions/products/product-catalog/view/drupal-new/,Yes,No,17.0,"K,",114 Drupal (New),Knowledge & Skills
DSI v1.1 Interpretation Report,https://www.shl.com/solutions/products/product-catalog/view/dsi-v1-1-interpretation-report/,Yes,No,0.0,"P,",115 DSI v1.1 Interpretation Report,Personality & Behavior
Econometrics (New),https://www.shl.com/solutions/products/product-catalog/view/econometrics-new/,Yes,No,11.0,"K,",116 Econometrics (New),Knowledge & Skills
Economics (New),https://www.shl.com/solutions/products/product-catalog/view/economics-new/,Yes,No,13.0,"K,",117 Economics (New),Knowledge & Skills
Electrical and Electronics Engineering (New),https://www.shl.com/solutions/products/product-catalog/view/electrical-and-electronics-engineering-new/,Yes,No,14.0,"K,",118 Electrical and Electronics Engineering (New),Knowledge & Skills
Electrical Engineering (New),https://www.shl.com/solutions/products/product-catalog/view/electrical-engineering-new/,Yes,No,8.0,"K,",119 Electrical Engineering (New),Knowledge & Skills
Electronics & Telecommunications Engineering (New),https://www.shl.com/solutions/products/product-catalog/view/electronics-and-telecommunications-engineering-new/,Yes,No,15.0,"K,",120 Electronics & Telecommunications Engineering (New),Knowledge & Skills
Electronics and Embedded Systems Engineering (New),https://www.shl.com/solutions/products/product-catalog/view/electronics-and-embedded-systems-engineering-new/,Yes,No,18.0,"K,",121 Electronics and Embedded Systems Engineering (New),Knowledge & Skills
Electronics and Semiconductor Engineering (New),https://www.shl.com/solutions/products/product-catalog/view/electronics-and-semiconductor-engineering-new/,Yes,No,7.0,"K,",122 Electronics and Semiconductor Engineering (New),Knowledge & Skills
English Comprehension (New),https://www.shl.com/solutions/products/product-catalog/view/english-comprehension-new/,Yes,No,0.0,"K,",123 English Comprehension (New),Knowledge & Skills
Enterprise Java Beans (New),https://www.shl.com/solutions/products/product-catalog/view/enterprise-java-beans-new/,Yes,No,4.0,"K,",124 Enterprise Java Beans (New),Knowledge & Skills
Enterprise Leadership Report 1.0,https://www.shl.com/solutions/products/product-catalog/view/enterprise-leadership-report/,Yes,No,0.0,"P,",125 Enterprise Leadership Report 1.0,Personality & Behavior
Enterprise Leadership Report 2.0,https://www.shl.com/solutions/products/product-catalog/view/enterprise-leadership-report-2-0/,Yes,No,0.0,"P,",126 Enterprise Leadership Report 2.0,Personality & Behavior
Entry Level Cashier Solution,https://www.shl.com/solutions/products/product-catalog/view/entry-level-cashier-solution/,Yes,No,19.0,"C,P,",127 Entry Level Cashier Solution,"Competencies, Personality & Behavior"
Entry Level Customer Serv-Retail & Contact Center,https://www.shl.com/solutions/products/product-catalog/view/entry-level-customer-serv-retail-and-contact-center/,Yes,No,19.0,"P,C,",128 Entry Level Customer Serv-Retail & Contact Center,"Personality & Behavior, Competencies"
Entry Level Customer Service (General) Solution,https://www.shl.com/solutions/products/product-catalog/view/entry-level-customer-service-general-solution/,Yes,No,14.0,"C,P,",129 Entry Level Customer Service (General) Solution,"Competencies, Personality & Behavior"
Entry Level Hotel Front Desk Solution,https://www.shl.com/solutions/products/product-catalog/view/entry-level-hotel-front-desk-solution/,Yes,No,20.0,"C,P,",130 Entry Level Hotel Front Desk Solution,"Competencies, Personality & Behavior"
Entry Level Sales Solution,https://www.shl.com/solutions/products/product-catalog/view/entry-level-sales-solution/,Yes,No,20.0,"C,P,",131 Entry Level Sales Solution,"Competencies, Personality & Behavior"
Entry Level Technical Support Solution,https://www.shl.com/solutions/products/product-catalog/view/entry-level-technical-support-solution/,Yes,No,18.0,"P,C,",132 Entry Level Technical Support Solution,"Personality & Behavior, Competencies"
ETL Testing (New),https://www.shl.com/solutions/products/product-catalog/view/etl-testing-new/,Yes,No,9.0,"K,",133 ETL Testing (New),Knowledge & Skills
Executive Scenarios,https://www.shl.com/solutions/products/product-catalog/view/executive-scenarios/,Yes,No,0.0,"B,",134 Executive Scenarios,Biodata & Situational Judgement
Executive Scenarios Narrative Report,https://www.shl.com/solutions/products/product-catalog/view/executive-scenarios-narrative-report/,Yes,No,0.0,"B,",135 Executive Scenarios Narrative Report,Biodata & Situational Judgement
Executive Scenarios Profile Report,https://www.shl.com/solutions/products/product-catalog/view/executive-scenarios-profile-report/,Yes,No,0.0,"B,",136 Executive Scenarios Profile Report,Biodata & Situational Judgement
ExpressJS (New),https://www.shl.com/solutions/products/product-catalog/view/expressjs-new/,Yes,No,7.0,"K,",137 ExpressJS (New),Knowledge & Skills
Filing - Names (R1),https://www.shl.com/solutions/products/product-catalog/view/filing-names-r1/,Yes,No,3.0,"K,",138 Filing - Names (R1),Knowledge & Skills
Filing - Numbers,https://www.shl.com/solutions/products/product-catalog/view/filing-numbers/,Yes,No,3.0,"K,",139 Filing - Numbers,Knowledge & Skills
Financial Accounting (New),https://www.shl.com/solutions/products/product-catalog/view/financial-accounting-new/,Yes,No,9.0,"K,",140 Financial Accounting (New),Knowledge & Skills
Financial and Banking Services (New),https://www.shl.com/solutions/products/product-catalog/view/financial-and-banking-services-new/,Yes,No,9.0,"K,",141 Financial and Banking Services (New),Knowledge & Skills
Fire Engineering (New),https://www.shl.com/solutions/products/product-catalog/view/fire-engineering-new/,Yes,No,10.0,"K,",142 Fire Engineering (New),Knowledge & Skills
Following Instructions v1 - UK (R1),https://www.shl.com/solutions/products/product-catalog/view/following-instructions-v1-uk-r1/,Yes,No,8.0,"K,",143 Following Instructions v1 - UK (R1),Knowledge & Skills
Following Instructions v1 - US (R2),https://www.shl.com/solutions/products/product-catalog/view/following-instructions-v1-us-r2/,Yes,No,8.0,"K,",144 Following Instructions v1 - US (R2),Knowledge & Skills
Food and Beverage Services (New),https://www.shl.com/solutions/products/product-catalog/view/food-and-beverage-services-new/,Yes,No,7.0,"K,",145 Food and Beverage Services (New),Knowledge & Skills
Food Science (New),https://www.shl.com/solutions/products/product-catalog/view/food-science-new/,Yes,No,6.0,"K,",146 Food Science (New),Knowledge & Skills
Front Office Management (New),https://www.shl.com/solutions/products/product-catalog/view/front-office-management-new/,Yes,No,7.0,"K,",147 Front Office Management (New),Knowledge & Skills
Financial Services Representative Solution,https://www.shl.com/solutions/products/product-catalog/view/financial-services-representative-solution/,Yes,No,44.0,"A,B,P,",148 Financial Services Representative Solution,"Ability & Aptitude, Biodata & Situational Judgement, Personality & Behavior"
Front Desk Associate Solution,https://www.shl.com/solutions/products/product-catalog/view/front-desk-associate-solution/,Yes,Yes,50.0,"A,B,P,",149 Front Desk Associate Solution,"Ability & Aptitude, Biodata & Situational Judgement, Personality & Behavior"
Gaming Associate Solution,https://www.shl.com/solutions/products/product-catalog/view/gaming-associate-solution/,Yes,Yes,50.0,"A,B,P,S,",150 Gaming Associate Solution,"Ability & Aptitude, Biodata & Situational Judgement, Personality & Behavior, Simulations"
Gaming Manager Solution,https://www.shl.com/solutions/products/product-catalog/view/gaming-manager-solution/,Yes,Yes,55.0,"S,A,B,K,P,",151 Gaming Manager Solution,"Simulations, Ability & Aptitude, Biodata & Situational Judgement, Knowledge & Skills, Personality & Behavior"
General Entry Level - All Industries 7.0 Solution,https://www.shl.com/solutions/products/product-catalog/view/general-entry-level-all-industries-7-0-solution/,Yes,No,19.0,"B,",152 General Entry Level - All Industries 7.0 Solution,Biodata & Situational Judgement
General Entry Level - All Industries 7.1 Solution,https://www.shl.com/solutions/products/product-catalog/view/general-entry-level-all-industries-7-1-solution/,Yes,No,19.0,"B,",153 General Entry Level - All Industries 7.1 Solution,Biodata & Situational Judgement
General Entry Level - All Industries 7.1(Americas),https://www.shl.com/solutions/products/product-catalog/view/general-entry-level-all-industries-7-1%28americas%29/,Yes,No,19.0,"B,",154 General Entry Level - All Industries 7.1(Americas),Biodata & Situational Judgement
General Entry Level – Data Entry 7.0 Solution,https://www.shl.com/solutions/products/product-catalog/view/general-entry-level-data-entry-7-0-solution/,Yes,No,24.0,"B,K,",155 General Entry Level – Data Entry 7.0 Solution,"Biodata & Situational Judgement, Knowledge & Skills"
Graduate + 8.0 Job Focused Assessment,https://www.shl.com/solutions/products/product-catalog/view/graduate-8-0-job-focused-assessment/,Yes,No,30.0,"A,B,P,",156 Graduate + 8.0 Job Focused Assessment,"Ability & Aptitude, Biodata & Situational Judgement, Personality & Behavior"
Graduate 7.1 Job Focused Assessment,https://www.shl.com/solutions/products/product-catalog/view/graduate-7-1-job-focused-assessment/,Yes,No,19.0,"B,C,",157 Graduate 7.1 Job Focused Assessment,"Biodata & Situational Judgement, Competencies"
Graduate 8.0 Job Focused Assessment,https://www.shl.com/solutions/products/product-catalog/view/graduate-8-0-job-focused-assessment-4228/,Yes,No,20.0,"P,B,",158 Graduate 8.0 Job Focused Assessment,"Personality & Behavior, Biodata & Situational Judgement"
Guest Service Team 7.0 Solution,https://www.shl.com/solutions/products/product-catalog/view/guest-service-team-7-0-solution/,Yes,No,18.0,"B,",159 Guest Service Team 7.0 Solution,Biodata & Situational Judgement
Fundamentals of Chemistry (New),https://www.shl.com/solutions/products/product-catalog/view/fundamentals-of-chemistry-new/,Yes,No,8.0,"K,",160 Fundamentals of Chemistry (New),Knowledge & Skills
Fundamentals of Physics (New),https://www.shl.com/solutions/products/product-catalog/view/fundamentals-of-physics-new/,Yes,No,8.0,"K,",161 Fundamentals of Physics (New),Knowledge & Skills
General Diseases (New),https://www.shl.com/solutions/products/product-catalog/view/general-diseases-new/,Yes,No,5.0,"K,",162 General Diseases (New),Knowledge & Skills
Geoinformatics Engineering (New),https://www.shl.com/solutions/products/product-catalog/view/geoinformatics-engineering-new/,Yes,No,10.0,"K,",163 Geoinformatics Engineering (New),Knowledge & Skills
Geoscience Engineering (New),https://www.shl.com/solutions/products/product-catalog/view/geoscience-engineering-new/,Yes,No,8.0,"K,",164 Geoscience Engineering (New),Knowledge & Skills
GIT (New),https://www.shl.com/solutions/products/product-catalog/view/git-new/,Yes,No,13.0,"K,",165 GIT (New),Knowledge & Skills
Global Skills Assessment,https://www.shl.com/solutions/products/product-catalog/view/global-skills-assessment/,Yes,No,16.0,"C,K,",166 Global Skills Assessment,"Competencies, Knowledge & Skills"
Graduate Scenarios,https://www.shl.com/solutions/products/product-catalog/view/graduate-scenarios/,Yes,No,0.0,"B,",167 Graduate Scenarios,Biodata & Situational Judgement
Graduate Scenarios Narrative Report,https://www.shl.com/solutions/products/product-catalog/view/graduate-scenarios-narrative-report/,Yes,No,0.0,"B,",168 Graduate Scenarios Narrative Report,Biodata & Situational Judgement
Graduate Scenarios Profile Report,https://www.shl.com/solutions/products/product-catalog/view/graduate-scenarios-profile-report/,Yes,No,0.0,"B,",169 Graduate Scenarios Profile Report,Biodata & Situational Judgement
Hibernate (New),https://www.shl.com/solutions/products/product-catalog/view/hibernate-new/,Yes,No,5.0,"K,",170 Hibernate (New),Knowledge & Skills
HIPAA (Security),https://www.shl.com/solutions/products/product-catalog/view/hipaa-security/,Yes,Yes,15.0,"K,",171 HIPAA (Security),Knowledge & Skills
Interviewing and Hiring Concepts (U.S.),https://www.shl.com/solutions/products/product-catalog/view/interviewing-and-hiring-concepts-u-s/,Yes,Yes,15.0,"K,",172 Interviewing and Hiring Concepts (U.S.),Knowledge & Skills
iOS Development (New),https://www.shl.com/solutions/products/product-catalog/view/ios-development-new/,Yes,No,7.0,"K,",173 iOS Development (New),Knowledge & Skills
ITIL (IT Infrastructure Library) (New),https://www.shl.com/solutions/products/product-catalog/view/itil-it-infrastructure-library-new/,Yes,No,8.0,"K,",174 ITIL (IT Infrastructure Library) (New),Knowledge & Skills
Java 2 Platform Enterprise Edition 1.4 Fundamental,https://www.shl.com/solutions/products/product-catalog/view/java-2-platform-enterprise-edition-1-4-fundamental/,Yes,Yes,30.0,"K,",175 Java 2 Platform Enterprise Edition 1.4 Fundamental,Knowledge & Skills
Java 8 (New),https://www.shl.com/solutions/products/product-catalog/view/java-8-new/,Yes,No,18.0,"K,",176 Java 8 (New),Knowledge & Skills
Java Design Patterns (New),https://www.shl.com/solutions/products/product-catalog/view/java-design-patterns-new/,Yes,No,5.0,"K,",177 Java Design Patterns (New),Knowledge & Skills
Java Frameworks (New),https://www.shl.com/solutions/products/product-catalog/view/java-frameworks-new/,Yes,No,17.0,"K,",178 Java Frameworks (New),Knowledge & Skills
Java Platform Enterprise Edition 7 (Java EE 7),https://www.shl.com/solutions/products/product-catalog/view/java-platform-enterprise-edition-7-java-ee-7/,Yes,Yes,30.0,"K,",179 Java Platform Enterprise Edition 7 (Java EE 7),Knowledge & Skills
Java Web Services (New),https://www.shl.com/solutions/products/product-catalog/view/java-web-services-new/,Yes,No,8.0,"K,",180 Java Web Services (New),Knowledge & Skills
JavaScript (New),https://www.shl.com/solutions/products/product-catalog/view/javascript-new/,Yes,No,9.0,"K,",181 JavaScript (New),Knowledge & Skills
Jenkins (New),https://www.shl.com/solutions/products/product-catalog/view/jenkins-new/,Yes,No,6.0,"K,",182 Jenkins (New),Knowledge & Skills
Job Control Language (New),https://www.shl.com/solutions/products/product-catalog/view/job-control-language-new/,Yes,No,10.0,"K,",183 Job Control Language (New),Knowledge & Skills
jQuery (New),https://www.shl.com/solutions/products/product-catalog/view/jquery-new/,Yes,No,10.0,"K,",184 jQuery (New),Knowledge & Skills
Kubernetes (New),https://www.shl.com/solutions/products/product-catalog/view/kubernetes-new/,Yes,No,6.0,"K,",185 Kubernetes (New),Knowledge & Skills
Linux Administration (New),https://www.shl.com/solutions/products/product-catalog/view/linux-administration-new/,Yes,No,10.0,"K,",186 Linux Administration (New),Knowledge & Skills
Linux Operating System,https://www.shl.com/solutions/products/product-catalog/view/linux-operating-system/,Yes,No,15.0,"K,",187 Linux Operating System,Knowledge & Skills
Linux Programming (General),https://www.shl.com/solutions/products/product-catalog/view/linux-programming-general/,Yes,Yes,25.0,"K,",188 Linux Programming (General),Knowledge & Skills
Load Runner (New),https://www.shl.com/solutions/products/product-catalog/view/load-runner-new/,Yes,No,6.0,"K,",189 Load Runner (New),Knowledge & Skills
Management Scenarios,https://www.shl.com/solutions/products/product-catalog/view/management-scenarios/,Yes,No,0.0,"B,",190 Management Scenarios,Biodata & Situational Judgement
Managerial Scenarios Candidate Report,https://www.shl.com/solutions/products/product-catalog/view/managerial-scenarios-candidate-report/,Yes,No,0.0,"B,",191 Managerial Scenarios Candidate Report,Biodata & Situational Judgement
Managerial Scenarios Narrative Report,https://www.shl.com/solutions/products/product-catalog/view/managerial-scenarios-narrative-report/,Yes,No,0.0,"B,",192 Managerial Scenarios Narrative Report,Biodata & Situational Judgement
Managerial Scenarios Profile Report,https://www.shl.com/solutions/products/product-catalog/view/managerial-scenarios-profile-report/,Yes,No,0.0,"B,",193 Managerial Scenarios Profile Report,Biodata & Situational Judgement
Manual Testing (New),https://www.shl.com/solutions/products/product-catalog/view/manual-testing-new/,Yes,No,10.0,"K,",194 Manual Testing (New),Knowledge & Skills
Manufac. & Indust. - Mechanical & Vigilance 8.0,https://www.shl.com/solutions/products/product-catalog/view/mechanical-and-vigilance-focus-8-0/,Yes,No,49.0,"A,P,",195 Manufac. & Indust. - Mechanical & Vigilance 8.0,"Ability & Aptitude, Personality & Behavior"
Manufac. & Indust. - Safety & Dependability 8.0,https://www.shl.com/solutions/products/product-catalog/view/safety-and-dependability-focus-8-0/,Yes,No,16.0,"P,",196 Manufac. & Indust. - Safety & Dependability 8.0,Personality & Behavior
Manufacturing & Industrial - Essential Focus 8.0,https://www.shl.com/solutions/products/product-catalog/view/essential-focus-8-0/,Yes,No,16.0,"P,",197 Manufacturing & Industrial - Essential Focus 8.0,Personality & Behavior
Manufacturing & Industrial - Mechanical Focus 8.0,https://www.shl.com/solutions/products/product-catalog/view/mechanical-focus-8-0/,Yes,No,31.0,"A,P,",198 Manufacturing & Industrial - Mechanical Focus 8.0,"Ability & Aptitude, Personality & Behavior"
Manufacturing & Industrial - Vigilance Focus 8.0,https://www.shl.com/solutions/products/product-catalog/view/vigilance-focus-8-0/,Yes,No,34.0,"A,P,",199 Manufacturing & Industrial - Vigilance Focus 8.0,"Ability & Aptitude, Personality & Behavior"
Marketing (New),https://www.shl.com/solutions/products/product-catalog/view/marketing-new/,Yes,No,9.0,"K,",200 Marketing (New),Knowledge & Skills
Maven (New),https://www.shl.com/solutions/products/product-catalog/view/maven-new/,Yes,No,7.0,"K,",201 Maven (New),Knowledge & Skills
Mechanical Engineering (New),https://www.shl.com/solutions/products/product-catalog/view/mechanical-engineering-new/,Yes,No,7.0,"K,",202 Mechanical Engineering (New),Knowledge & Skills
Mechatronics Engineering (New),https://www.shl.com/solutions/products/product-catalog/view/mechatronics-engineering-new/,Yes,No,19.0,"K,",203 Mechatronics Engineering (New),Knowledge & Skills
Medical Terminology (New),https://www.shl.com/solutions/products/product-catalog/view/medical-terminology-new/,Yes,No,3.0,"K,",204 Medical Terminology (New),Knowledge & Skills
Metallurgical Engineering (New),https://www.shl.com/solutions/products/product-catalog/view/metallurgical-engineering-new/,Yes,No,10.0,"K,",205 Metallurgical Engineering (New),Knowledge & Skills
MFS 360 Enterprise Leadership Report,https://www.shl.com/solutions/products/product-catalog/view/mfs-360-enterprise-leadership-report/,Yes,No,0.0,"D,",206 MFS 360 Enterprise Leadership Report,Development & 360
MFS 360 UCF Group Report,https://www.shl.com/solutions/products/product-catalog/view/mfs-360-ucf-group-report/,Yes,No,0.0,"D,",207 MFS 360 UCF Group Report,Development & 360
MFS 360 UCF Performance Potential Dev Tips Report,https://www.shl.com/solutions/products/product-catalog/view/mfs-360-ucf-performance-potential-dev-tips-report/,Yes,No,0.0,"D,",208 MFS 360 UCF Performance Potential Dev Tips Report,Development & 360
MFS 360 UCF Standard Report,https://www.shl.com/solutions/products/product-catalog/view/mfs-360-ucf-standard-report/,Yes,No,0.0,"D,",209 MFS 360 UCF Standard Report,Development & 360
Micro Focus Unified Functional Testing (New),https://www.shl.com/solutions/products/product-catalog/view/micro-focus-unified-functional-testing-new/,Yes,No,12.0,"K,",210 Micro Focus Unified Functional Testing (New),Knowledge & Skills
Microservices (New),https://www.shl.com/solutions/products/product-catalog/view/microservices-new/,Yes,No,7.0,"K,",211 Microservices (New),Knowledge & Skills
Microsoft Dynamics Development (New),https://www.shl.com/solutions/products/product-catalog/view/microsoft-dynamics-development-new/,Yes,No,9.0,"K,",212 Microsoft Dynamics Development (New),Knowledge & Skills
Microsoft Excel 365 - Essentials (New),https://www.shl.com/solutions/products/product-catalog/view/microsoft-excel-365-essentials-new/,Yes,No,30.0,"K,S,",213 Microsoft Excel 365 - Essentials (New),"Knowledge & Skills, Simulations"
Microsoft Excel 365 (New),https://www.shl.com/solutions/products/product-catalog/view/microsoft-excel-365-new/,Yes,No,35.0,"K,S,",214 Microsoft Excel 365 (New),"Knowledge & Skills, Simulations"
Microsoft Outlook 2013 (adaptive),https://www.shl.com/solutions/products/product-catalog/view/microsoft-outlook-2013-adaptive/,Yes,Yes,25.0,"K,",215 Microsoft Outlook 2013 (adaptive),Knowledge & Skills
Microsoft PowerPoint 365 - Essentials (New),https://www.shl.com/solutions/products/product-catalog/view/microsoft-powerpoint-365-essentials-new/,Yes,No,25.0,"K,S,",216 Microsoft PowerPoint 365 - Essentials (New),"Knowledge & Skills, Simulations"
Microsoft SQL Server 2014 Programming,https://www.shl.com/solutions/products/product-catalog/view/microsoft-sql-server-2014-programming/,Yes,Yes,35.0,"K,",217 Microsoft SQL Server 2014 Programming,Knowledge & Skills
Microsoft Windows Server 2012 Administration,https://www.shl.com/solutions/products/product-catalog/view/microsoft-windows-server-2012-administration/,Yes,Yes,35.0,"K,",218 Microsoft Windows Server 2012 Administration,Knowledge & Skills
Microsoft Word 365 - Essentials (New),https://www.shl.com/solutions/products/product-catalog/view/microsoft-word-365-essentials-new/,Yes,No,25.0,"K,S,",219 Microsoft Word 365 - Essentials (New),"Knowledge & Skills, Simulations"
Microsoft Word 365 (New),https://www.shl.com/solutions/products/product-catalog/view/microsoft-word-365-new/,Yes,No,35.0,"S,K,",220 Microsoft Word 365 (New),"Simulations, Knowledge & Skills"
Mineral Engineering (New),https://www.shl.com/solutions/products/product-catalog/view/mineral-engineering-new/,Yes,No,12.0,"K,",221 Mineral Engineering (New),Knowledge & Skills
Mining Engineering (New),https://www.shl.com/solutions/products/product-catalog/view/mining-engineering-new/,Yes,No,16.0,"K,",222 Mining Engineering (New),Knowledge & Skills
Mobility (New),https://www.shl.com/solutions/products/product-catalog/view/mobility-new/,Yes,No,9.0,"K,",223 Mobility (New),Knowledge & Skills
Molecular Biology (New),https://www.shl.com/solutions/products/product-catalog/view/molecular-biology-new/,Yes,No,6.0,"K,",224 Molecular Biology (New),Knowledge & Skills
MongoDB (New),https://www.shl.com/solutions/products/product-catalog/view/mongodb-new/,Yes,No,7.0,"K,",225 MongoDB (New),Knowledge & Skills
Motivation Questionnaire MQM5,https://www.shl.com/solutions/products/product-catalog/view/motivation-questionnaire-mqm5/,Yes,No,0.0,"P,",226 Motivation Questionnaire MQM5,Personality & Behavior
MQ Candidate Motivation Report,https://www.shl.com/solutions/products/product-catalog/view/mq-candidate-motivation-report/,Yes,No,0.0,"P,",227 MQ Candidate Motivation Report,Personality & Behavior
MQ Employee Motivation Report,https://www.shl.com/solutions/products/product-catalog/view/mq-employee-motivation-report/,Yes,No,0.0,"P,",228 MQ Employee Motivation Report,Personality & Behavior
MQ Motivation Report Pack,https://www.shl.com/solutions/products/product-catalog/view/mq-motivation-report-pack/,Yes,No,0.0,"P,",229 MQ Motivation Report Pack,Personality & Behavior
MQ Profile,https://www.shl.com/solutions/products/product-catalog/view/mq-profile/,Yes,No,0.0,"P,",230 MQ Profile,Personality & Behavior
MS Access (New),https://www.shl.com/solutions/products/product-catalog/view/ms-access-new/,Yes,No,7.0,"K,",231 MS Access (New),Knowledge & Skills
Occupational Personality Questionnaire OPQ32r,https://www.shl.com/solutions/products/product-catalog/view/occupational-personality-questionnaire-opq32r/,Yes,No,0.0,"P,",232 Occupational Personality Questionnaire OPQ32r,Personality & Behavior
Operations Management (New),https://www.shl.com/solutions/products/product-catalog/view/operations-management-new/,Yes,No,7.0,"K,",233 Operations Management (New),Knowledge & Skills
OPQ Candidate Plus Report,https://www.shl.com/solutions/products/product-catalog/view/opq-candidate-plus-report/,Yes,No,0.0,"P,",234 OPQ Candidate Plus Report,Personality & Behavior
OPQ Candidate Report 2.0,https://www.shl.com/solutions/products/product-catalog/view/opq-candidate-report-2-0/,Yes,No,0.0,"P,",235 OPQ Candidate Report 2.0,Personality & Behavior
OPQ Emotional Intelligence Report,https://www.shl.com/solutions/products/product-catalog/view/opq-emotional-intelligence-report/,Yes,No,0.0,"P,",236 OPQ Emotional Intelligence Report,Personality & Behavior
OPQ Leadership Report,https://www.shl.com/solutions/products/product-catalog/view/opq-leadership-report/,Yes,No,0.0,"P,",237 OPQ Leadership Report,Personality & Behavior
OPQ Manager Plus Report,https://www.shl.com/solutions/products/product-catalog/view/opq-manager-plus-report/,Yes,No,0.0,"P,",238 OPQ Manager Plus Report,Personality & Behavior
OPQ Manager Plus Report 2.0,https://www.shl.com/solutions/products/product-catalog/view/opq-manager-plus-report-2-0/,Yes,No,0.0,"P,",239 OPQ Manager Plus Report 2.0,Personality & Behavior
OPQ Maximising your Learning Report,https://www.shl.com/solutions/products/product-catalog/view/opq-maximising-your-learning-report/,Yes,No,0.0,"P,",240 OPQ Maximising your Learning Report,Personality & Behavior
OPQ MQ Sales Report,https://www.shl.com/solutions/products/product-catalog/view/opq-mq-sales-report/,Yes,No,0.0,"P,",241 OPQ MQ Sales Report,Personality & Behavior
OPQ Premium Plus Report,https://www.shl.com/solutions/products/product-catalog/view/opq-premium-plus-report/,Yes,No,0.0,"P,",242 OPQ Premium Plus Report,Personality & Behavior
OPQ Premium Plus Report 2.0,https://www.shl.com/solutions/products/product-catalog/view/opq-premium-plus-report-2-0/,Yes,No,0.0,"P,",243 OPQ Premium Plus Report 2.0,Personality & Behavior
Guest Services Associate Solution,https://www.shl.com/solutions/products/product-catalog/view/guest-services-associate-solution/,Yes,Yes,48.0,"A,B,P,S,",244 Guest Services Associate Solution,"Ability & Aptitude, Biodata & Situational Judgement, Personality & Behavior, Simulations"
Healthcare Aide 7.0 Solution,https://www.shl.com/solutions/products/product-catalog/view/healthcare-aide-7-0-solution/,Yes,No,22.0,"B,",245 Healthcare Aide 7.0 Solution,Biodata & Situational Judgement
Healthcare Call Center Agent Solution,https://www.shl.com/solutions/products/product-catalog/view/healthcare-call-center-agent-solution/,Yes,Yes,44.0,"A,B,P,S,",246 Healthcare Call Center Agent Solution,"Ability & Aptitude, Biodata & Situational Judgement, Personality & Behavior, Simulations"
Healthcare Service Associate Solution,https://www.shl.com/solutions/products/product-catalog/view/healthcare-service-associate-solution/,Yes,Yes,37.0,"A,B,P,",247 Healthcare Service Associate Solution,"Ability & Aptitude, Biodata & Situational Judgement, Personality & Behavior"
Healthcare Support Specialist Solution,https://www.shl.com/solutions/products/product-catalog/view/healthcare-support-specialist-solution/,Yes,Yes,30.0,"A,B,P,",248 Healthcare Support Specialist Solution,"Ability & Aptitude, Biodata & Situational Judgement, Personality & Behavior"
Home Health Aide Solution,https://www.shl.com/solutions/products/product-catalog/view/home-health-aide-solution/,Yes,Yes,41.0,"A,B,P,",249 Home Health Aide Solution,"Ability & Aptitude, Biodata & Situational Judgement, Personality & Behavior"
Hospitality Manager Solution,https://www.shl.com/solutions/products/product-catalog/view/hospitality-manager-solution/,Yes,Yes,57.0,"A,B,K,P,",250 Hospitality Manager Solution,"Ability & Aptitude, Biodata & Situational Judgement, Knowledge & Skills, Personality & Behavior"
Host Solution,https://www.shl.com/solutions/products/product-catalog/view/host-solution/,Yes,Yes,30.0,"B,P,",251 Host Solution,"Biodata & Situational Judgement, Personality & Behavior"
Industrial - Entry Level 7.0 Solution,https://www.shl.com/solutions/products/product-catalog/view/industrial-entry-level-7-0-solution/,Yes,No,20.0,"B,",252 Industrial - Entry Level 7.0 Solution,Biodata & Situational Judgement
Industrial - Entry Level 7.1 (Americas),https://www.shl.com/solutions/products/product-catalog/view/industrial-entry-level-7-1-%28americas%29/,Yes,No,20.0,"B,",253 Industrial - Entry Level 7.1 (Americas),Biodata & Situational Judgement
Industrial - Entry Level 7.1 (International),https://www.shl.com/solutions/products/product-catalog/view/industrial-entry-level-7-1-%28international%29/,Yes,No,20.0,"B,",254 Industrial - Entry Level 7.1 (International),Biodata & Situational Judgement
Industrial - Professional and Skilled 7.0 Solution,https://www.shl.com/solutions/products/product-catalog/view/industrial-professional-and-skilled-7-0-solution/,Yes,Yes,49.0,"A,B,",255 Industrial - Professional and Skilled 7.0 Solution,"Ability & Aptitude, Biodata & Situational Judgement"
Oracle DBA (Advanced Level) (New),https://www.shl.com/solutions/products/product-catalog/view/oracle-dba-advanced-level-new/,Yes,No,12.0,"K,",256 Oracle DBA (Advanced Level) (New),Knowledge & Skills
Oracle DBA (Entry Level) (New),https://www.shl.com/solutions/products/product-catalog/view/oracle-dba-entry-level-new/,Yes,No,12.0,"K,",257 Oracle DBA (Entry Level) (New),Knowledge & Skills
Oracle PL/SQL (New),https://www.shl.com/solutions/products/product-catalog/view/oracle-plsql-new/,Yes,No,11.0,"K,",258 Oracle PL/SQL (New),Knowledge & Skills
Oracle WebLogic Server (New),https://www.shl.com/solutions/products/product-catalog/view/oracle-weblogic-server-new/,Yes,No,7.0,"K,",259 Oracle WebLogic Server (New),Knowledge & Skills
Organic Chemistry (New),https://www.shl.com/solutions/products/product-catalog/view/organic-chemistry-new/,Yes,No,10.0,"K,",260 Organic Chemistry (New),Knowledge & Skills
Paint Technology (New),https://www.shl.com/solutions/products/product-catalog/view/paint-technology-new/,Yes,No,7.0,"K,",261 Paint Technology (New),Knowledge & Skills
Pediatrics (New),https://www.shl.com/solutions/products/product-catalog/view/pediatrics-new/,Yes,No,5.0,"K,",262 Pediatrics (New),Knowledge & Skills
Pega Development (New),https://www.shl.com/solutions/products/product-catalog/view/pega-development-new/,Yes,No,17.0,"K,",263 Pega Development (New),Knowledge & Skills
Perl (New),https://www.shl.com/solutions/products/product-catalog/view/perl-new/,Yes,No,9.0,"K,",264 Perl (New),Knowledge & Skills
Petrochemical Engineering (New),https://www.shl.com/solutions/products/product-catalog/view/petrochemical-engineering-new/,Yes,No,7.0,"K,",265 Petrochemical Engineering (New),Knowledge & Skills
Petroleum Engineering (New),https://www.shl.com/solutions/products/product-catalog/view/petroleum-engineering-new/,Yes,No,10.0,"K,",266 Petroleum Engineering (New),Knowledge & Skills
Pharmaceutical Analysis (New),https://www.shl.com/solutions/products/product-catalog/view/pharmaceutical-analysis-new/,Yes,No,12.0,"K,",267 Pharmaceutical Analysis (New),Knowledge & Skills
Pharmaceutical Chemistry (New),https://www.shl.com/solutions/products/product-catalog/view/pharmaceutical-chemistry-new/,Yes,No,17.0,"K,",268 Pharmaceutical Chemistry (New),Knowledge & Skills
Pharmaceutical Science (New),https://www.shl.com/solutions/products/product-catalog/view/pharmaceutical-science-new/,Yes,No,7.0,"K,",269 Pharmaceutical Science (New),Knowledge & Skills
Pharmaceutics (New),https://www.shl.com/solutions/products/product-catalog/view/pharmaceutics-new/,Yes,No,12.0,"K,",270 Pharmaceutics (New),Knowledge & Skills
Pharmacology (New),https://www.shl.com/solutions/products/product-catalog/view/pharmacology-new/,Yes,No,12.0,"K,",271 Pharmacology (New),Knowledge & Skills
PHP (New),https://www.shl.com/solutions/products/product-catalog/view/php-new/,Yes,No,8.0,"K,",272 PHP (New),Knowledge & Skills
PJM Development Report,https://www.shl.com/solutions/products/product-catalog/view/pjm-development-report/,Yes,No,0.0,"C,A,P,",273 PJM Development Report,"Competencies, Ability & Aptitude, Personality & Behavior"
PJM Selection Report,https://www.shl.com/solutions/products/product-catalog/view/pjm-selection-report/,Yes,No,0.0,"A,C,P,",274 PJM Selection Report,"Ability & Aptitude, Competencies, Personality & Behavior"
Polymer Engineering (New),https://www.shl.com/solutions/products/product-catalog/view/polymer-engineering-new/,Yes,No,8.0,"K,",275 Polymer Engineering (New),Knowledge & Skills
Power Electronics and Drives (New),https://www.shl.com/solutions/products/product-catalog/view/power-electronics-and-drives-new/,Yes,No,15.0,"K,",276 Power Electronics and Drives (New),Knowledge & Skills
Power System Engineering (New),https://www.shl.com/solutions/products/product-catalog/view/power-system-engineering-new/,Yes,No,12.0,"K,",277 Power System Engineering (New),Knowledge & Skills
Prism (New),https://www.shl.com/solutions/products/product-catalog/view/prism-new/,Yes,No,4.0,"K,",278 Prism (New),Knowledge & Skills
Production and Industrial Engineering (New),https://www.shl.com/solutions/products/product-catalog/view/production-and-industrial-engineering-new/,Yes,No,13.0,"K,",279 Production and Industrial Engineering (New),Knowledge & Skills
Production Engineering (New),https://www.shl.com/solutions/products/product-catalog/view/production-engineering-new/,Yes,No,10.0,"K,",280 Production Engineering (New),Knowledge & Skills
Programming Concepts,https://www.shl.com/solutions/products/product-catalog/view/programming-concepts/,Yes,Yes,25.0,"K,",281 Programming Concepts,Knowledge & Skills
Project Management (2013),https://www.shl.com/solutions/products/product-catalog/view/project-management-2013/,Yes,Yes,30.0,"K,",282 Project Management (2013),Knowledge & Skills
Proofreading v1,https://www.shl.com/solutions/products/product-catalog/view/proofreading-v1/,Yes,No,6.0,"K,",283 Proofreading v1,Knowledge & Skills
Python (New),https://www.shl.com/solutions/products/product-catalog/view/python-new/,Yes,No,11.0,"K,",284 Python (New),Knowledge & Skills
R Programming (New),https://www.shl.com/solutions/products/product-catalog/view/r-programming-new/,Yes,No,13.0,"K,",285 R Programming (New),Knowledge & Skills
ReactJS (New),https://www.shl.com/solutions/products/product-catalog/view/reactjs-new/,Yes,No,10.0,"K,",286 ReactJS (New),Knowledge & Skills
Reading Comprehension - English v1,https://www.shl.com/solutions/products/product-catalog/view/reading-comprehension-english-v1/,Yes,Yes,35.0,"A,",287 Reading Comprehension - English v1,Ability & Aptitude
Reading Comprehension - Spanish v1,https://www.shl.com/solutions/products/product-catalog/view/reading-comprehension-spanish-v1/,Yes,Yes,26.0,"A,",288 Reading Comprehension - Spanish v1,Ability & Aptitude
Reading Comprehension v2,https://www.shl.com/solutions/products/product-catalog/view/reading-comprehension-v2/,Yes,Yes,35.0,"A,",289 Reading Comprehension v2,Ability & Aptitude
RemoteWorkQ,https://www.shl.com/solutions/products/product-catalog/view/remoteworkq/,Yes,No,10.0,"C,",290 RemoteWorkQ,Competencies
RemoteWorkQ Manager Report,https://www.shl.com/solutions/products/product-catalog/view/remoteworkq-manager-report/,Yes,No,0.0,"C,",291 RemoteWorkQ Manager Report,Competencies
RemoteWorkQ Participant Report,https://www.shl.com/solutions/products/product-catalog/view/remoteworkq-participant-report/,Yes,No,0.0,"C,",292 RemoteWorkQ Participant Report,Competencies
RESTful Web Services (New),https://www.shl.com/solutions/products/product-catalog/view/restful-web-services-new/,Yes,No,12.0,"K,",293 RESTful Web Services (New),Knowledge & Skills
Retail Sales and Service Simulation,https://www.shl.com/solutions/products/product-catalog/view/retail-sales-and-service-simulation/,Yes,No,30.0,"B,K,S,A,",294 Retail Sales and Service Simulation,"Biodata & Situational Judgement, Knowledge & Skills, Simulations, Ability & Aptitude"
Reviewing Forms - US (R1),https://www.shl.com/solutions/products/product-catalog/view/reviewing-forms-us-r1/,Yes,No,5.0,"K,",295 Reviewing Forms - US (R1),Knowledge & Skills
Ruby (New),https://www.shl.com/solutions/products/product-catalog/view/ruby-new/,Yes,No,11.0,"K,",296 Ruby (New),Knowledge & Skills
Ruby on Rails (New),https://www.shl.com/solutions/products/product-catalog/view/ruby-on-rails-new/,Yes,No,11.0,"K,",297 Ruby on Rails (New),Knowledge & Skills
Sales & Service Phone Simulation,https://www.shl.com/solutions/products/product-catalog/view/sales-and-service-phone-simulation/,Yes,No,20.0,"S,B,",298 Sales & Service Phone Simulation,"Simulations, Biodata & Situational Judgement"
Sales & Service Phone Solution,https://www.shl.com/solutions/products/product-catalog/view/sales-and-service-phone-solution/,Yes,No,35.0,"B,P,S,",299 Sales & Service Phone Solution,"Biodata & Situational Judgement, Personality & Behavior, Simulations"
Sales Interview Guide,https://www.shl.com/solutions/products/product-catalog/view/sales-interview-guide/,Yes,No,0.0,"P,P,",300 Sales Interview Guide,"Personality & Behavior, Personality & Behavior"
Sales Profiler Cards,https://www.shl.com/solutions/products/product-catalog/view/sales-profiler-cards/,Yes,No,0.0,"P,",301 Sales Profiler Cards,Personality & Behavior
Sales Transformation 1.0 - Individual Contributor,https://www.shl.com/solutions/products/product-catalog/view/sales-transformation-report-individual-contributor/,Yes,No,0.0,"P,",302 Sales Transformation 1.0 - Individual Contributor,Personality & Behavior
Sales Transformation 2.0 - Individual Contributor,https://www.shl.com/solutions/products/product-catalog/view/salestransformationreport2-0-individualcontributor/,Yes,No,0.0,"P,",303 Sales Transformation 2.0 - Individual Contributor,Personality & Behavior
Sales Transformation Report 1.0 - Sales Manager,https://www.shl.com/solutions/products/product-catalog/view/sales-transformation-report-sales-manager/,Yes,No,0.0,"P,",304 Sales Transformation Report 1.0 - Sales Manager,Personality & Behavior
Sales Transformation Report 2.0 - Sales Manager,https://www.shl.com/solutions/products/product-catalog/view/sales-transformation-report-2-0-sales-manager/,Yes,No,0.0,"P,",305 Sales Transformation Report 2.0 - Sales Manager,Personality & Behavior
Salesforce Development (New),https://www.shl.com/solutions/products/product-catalog/view/salesforce-development-new/,Yes,No,15.0,"K,",306 Salesforce Development (New),Knowledge & Skills
SAP ABAP (Advanced Level) (New),https://www.shl.com/solutions/products/product-catalog/view/sap-abap-advanced-level-new/,Yes,No,12.0,"K,",307 SAP ABAP (Advanced Level) (New),Knowledge & Skills
SAP ABAP (Intermediate Level) (New),https://www.shl.com/solutions/products/product-catalog/view/sap-abap-intermediate-level-new/,Yes,No,9.0,"K,",308 SAP ABAP (Intermediate Level) (New),Knowledge & Skills
SAP Basis (New),https://www.shl.com/solutions/products/product-catalog/view/sap-basis-new/,Yes,No,9.0,"K,",309 SAP Basis (New),Knowledge & Skills
SAP Business Objects WebI (New),https://www.shl.com/solutions/products/product-catalog/view/sap-business-objects-webi-new/,Yes,No,10.0,"K,",310 SAP Business Objects WebI (New),Knowledge & Skills
SAP BW (Business Warehouse) (New),https://www.shl.com/solutions/products/product-catalog/view/sap-bw-business-warehouse-new/,Yes,No,9.0,"K,",311 SAP BW (Business Warehouse) (New),Knowledge & Skills
SAP HCM (Human Capital Management) (New),https://www.shl.com/solutions/products/product-catalog/view/sap-hcm-human-capital-management-new/,Yes,No,0.0,"K,",312 SAP HCM (Human Capital Management) (New),Knowledge & Skills
SAP Hybris (New),https://www.shl.com/solutions/products/product-catalog/view/sap-hybris-new/,Yes,No,20.0,"K,",313 SAP Hybris (New),Knowledge & Skills
SAP Materials Management (New),https://www.shl.com/solutions/products/product-catalog/view/sap-materials-management-new/,Yes,No,10.0,"K,",314 SAP Materials Management (New),Knowledge & Skills
SAP SD (Sales and Distribution) (New),https://www.shl.com/solutions/products/product-catalog/view/sap-sd-sales-and-distribution-new/,Yes,No,8.0,"K,",315 SAP SD (Sales and Distribution) (New),Knowledge & Skills
Search Engine Optimization (New),https://www.shl.com/solutions/products/product-catalog/view/search-engine-optimization-new/,Yes,No,12.0,"K,",316 Search Engine Optimization (New),Knowledge & Skills
Selenium (New),https://www.shl.com/solutions/products/product-catalog/view/selenium-new/,Yes,No,10.0,"K,",317 Selenium (New),Knowledge & Skills
Shell Scripting (New),https://www.shl.com/solutions/products/product-catalog/view/shell-scripting-new/,Yes,No,10.0,"K,",318 Shell Scripting (New),Knowledge & Skills
SHL Verify Interactive - Inductive Reasoning,https://www.shl.com/solutions/products/product-catalog/view/shl-verify-interactive-inductive-reasoning/,Yes,Yes,20.0,"A,S,",319 SHL Verify Interactive - Inductive Reasoning,"Ability & Aptitude, Simulations"
SHL Verify Interactive – Deductive Reasoning,https://www.shl.com/solutions/products/product-catalog/view/shl-verify-interactive-deductive-reasoning/,Yes,Yes,20.0,"A,S,",320 SHL Verify Interactive – Deductive Reasoning,"Ability & Aptitude, Simulations"
SHL Verify Interactive – Numerical Reasoning,https://www.shl.com/solutions/products/product-catalog/view/shl-verify-interactive-numerical-reasoning/,Yes,Yes,20.0,"A,S,",321 SHL Verify Interactive – Numerical Reasoning,"Ability & Aptitude, Simulations"
SHL Verify Interactive G+,https://www.shl.com/solutions/products/product-catalog/view/shl-verify-interactive-g/,Yes,Yes,36.0,"A,",322 SHL Verify Interactive G+,Ability & Aptitude
SHL Verify Interactive Numerical Calculation,https://www.shl.com/solutions/products/product-catalog/view/shl-verify-interactive-numerical-calculation/,Yes,Yes,10.0,"A,",323 SHL Verify Interactive Numerical Calculation,Ability & Aptitude
Siebel Development (New),https://www.shl.com/solutions/products/product-catalog/view/siebel-development-new/,Yes,No,8.0,"K,",324 Siebel Development (New),Knowledge & Skills
Smart Interview Live,https://www.shl.com/solutions/products/product-catalog/view/smart-interview-live/,Yes,No,0.0,"P,",325 Smart Interview Live,Personality & Behavior
Smart Interview Live Coding,https://www.shl.com/solutions/products/product-catalog/view/smart-interview-live-coding/,Yes,No,0.0,"K,",326 Smart Interview Live Coding,Knowledge & Skills
Smart Interview On Demand,https://www.shl.com/solutions/products/product-catalog/view/smart-interview-on-demand/,Yes,No,0.0,"P,",327 Smart Interview On Demand,Personality & Behavior
Social Media (New),https://www.shl.com/solutions/products/product-catalog/view/social-media-new/,Yes,No,10.0,"K,",328 Social Media (New),Knowledge & Skills
Software Business Analysis,https://www.shl.com/solutions/products/product-catalog/view/software-business-analysis/,Yes,Yes,30.0,"K,",329 Software Business Analysis,Knowledge & Skills
SonarQube (New),https://www.shl.com/solutions/products/product-catalog/view/sonarqube-new/,Yes,No,0.0,"K,",330 SonarQube (New),Knowledge & Skills
Spelling (U.S.) (New),https://www.shl.com/solutions/products/product-catalog/view/spelling-u-s-new/,Yes,No,0.0,"K,",331 Spelling (U.S.) (New),Knowledge & Skills
Split Screen Typing Test - Form 1,https://www.shl.com/solutions/products/product-catalog/view/split-screen-typing-test-form-1/,Yes,No,6.0,"A,K,",332 Split Screen Typing Test - Form 1,"Ability & Aptitude, Knowledge & Skills"
Spring (New),https://www.shl.com/solutions/products/product-catalog/view/spring-new/,Yes,No,9.0,"K,",333 Spring (New),Knowledge & Skills
SQL (New),https://www.shl.com/solutions/products/product-catalog/view/sql-new/,Yes,No,9.0,"K,",334 SQL (New),Knowledge & Skills
SQL Server (New),https://www.shl.com/solutions/products/product-catalog/view/sql-server-new/,Yes,No,11.0,"K,",335 SQL Server (New),Knowledge & Skills
SQL Server Analysis Services (SSAS) (New),https://www.shl.com/solutions/products/product-catalog/view/sql-server-analysis-services-%28ssas%29-%28new%29/,Yes,No,15.0,"K,",336 SQL Server Analysis Services (SSAS) (New),Knowledge & Skills
SQL Server Integration Services (SSIS) (New),https://www.shl.com/solutions/products/product-catalog/view/sql-server-integration-services-ssis-new/,Yes,No,10.0,"K,",337 SQL Server Integration Services (SSIS) (New),Knowledge & Skills
SQL Server Reporting Services (SSRS) (New),https://www.shl.com/solutions/products/product-catalog/view/sql-server-reporting-services-ssrs-new/,Yes,No,10.0,"K,",338 SQL Server Reporting Services (SSRS) (New),Knowledge & Skills
Statistical Analysis System (New),https://www.shl.com/solutions/products/product-catalog/view/statistical-analysis-system-new/,Yes,No,11.0,"K,",339 Statistical Analysis System (New),Knowledge & Skills
Struts (New),https://www.shl.com/solutions/products/product-catalog/view/struts-new/,Yes,No,5.0,"K,",340 Struts (New),Knowledge & Skills
SVAR - Spoken English (AUS),https://www.shl.com/solutions/products/product-catalog/view/svar-spoken-english-aus/,Yes,No,0.0,"S,",341 SVAR - Spoken English (AUS),Simulations
SVAR - Spoken English (Indian Accent)  (New),https://www.shl.com/solutions/products/product-catalog/view/svar-spoken-english-indian-accent-new/,Yes,No,0.0,"S,",342 SVAR - Spoken English (Indian Accent)  (New),Simulations
SVAR - Spoken English (U.K.),https://www.shl.com/solutions/products/product-catalog/view/svar-spoken-english-u-k/,Yes,No,0.0,"S,",343 SVAR - Spoken English (U.K.),Simulations
SVAR - Spoken English (US)  (New),https://www.shl.com/solutions/products/product-catalog/view/svar-spoken-english-us-new/,Yes,No,0.0,"S,",344 SVAR - Spoken English (US)  (New),Simulations
SVAR - Spoken French (Canadian) (New),https://www.shl.com/solutions/products/product-catalog/view/svar-spoken-french-canadian-new/,Yes,No,0.0,"S,",345 SVAR - Spoken French (Canadian) (New),Simulations
SVAR - Spoken French (European) (New),https://www.shl.com/solutions/products/product-catalog/view/svar-spoken-french-european-new/,Yes,No,0.0,"S,",346 SVAR - Spoken French (European) (New),Simulations
SVAR - Spoken Spanish (Castilian) (New),https://www.shl.com/solutions/products/product-catalog/view/svar-spoken-spanish-castilian-new/,Yes,No,0.0,"S,",347 SVAR - Spoken Spanish (Castilian) (New),Simulations
SVAR - Spoken Spanish (North American) (New),https://www.shl.com/solutions/products/product-catalog/view/svar-spoken-spanish-north-american-new/,Yes,No,0.0,"S,",348 SVAR - Spoken Spanish (North American) (New),Simulations
Swing (New),https://www.shl.com/solutions/products/product-catalog/view/swing-new/,Yes,No,4.0,"K,",349 Swing (New),Knowledge & Skills
Tableau (New),https://www.shl.com/solutions/products/product-catalog/view/tableau-new/,Yes,No,8.0,"K,",350 Tableau (New),Knowledge & Skills
Telecommunications Engineering (New),https://www.shl.com/solutions/products/product-catalog/view/telecommunications-engineering-new/,Yes,No,7.0,"K,",351 Telecommunications Engineering (New),Knowledge & Skills
Teradata Development (New),https://www.shl.com/solutions/products/product-catalog/view/teradata-development-new/,Yes,No,9.0,"K,",352 Teradata Development (New),Knowledge & Skills
Time Management (U.S.),https://www.shl.com/solutions/products/product-catalog/view/time-management-u-s/,Yes,Yes,15.0,"K,",353 Time Management (U.S.),Knowledge & Skills
Training Development,https://www.shl.com/solutions/products/product-catalog/view/training-development/,Yes,Yes,15.0,"K,",354 Training Development,Knowledge & Skills
Typing (New),https://www.shl.com/solutions/products/product-catalog/view/typing-new/,Yes,No,2.0,"S,",355 Typing (New),Simulations
UiPath RPA Development (New),https://www.shl.com/solutions/products/product-catalog/view/uipath-rpa-development-new/,Yes,No,8.0,"K,",356 UiPath RPA Development (New),Knowledge & Skills
Universal Competency Framework Interview Guide,https://www.shl.com/solutions/products/product-catalog/view/universal-competency-framework-interview-guide/,Yes,No,0.0,"C,P,",357 Universal Competency Framework Interview Guide,"Competencies, Personality & Behavior"
Universal Competency Framework Job profiling guide,https://www.shl.com/solutions/products/product-catalog/view/universal-competency-framework-job-profiling-guide/,Yes,No,0.0,"C,P,",358 Universal Competency Framework Job profiling guide,"Competencies, Personality & Behavior"
Universal Competency Framework Profiler Cards (44),https://www.shl.com/solutions/products/product-catalog/view/universal-competency-framework-profiler-cards-44/,Yes,No,0.0,"C,P,",359 Universal Competency Framework Profiler Cards (44),"Competencies, Personality & Behavior"
UNIX (New),https://www.shl.com/solutions/products/product-catalog/view/unix-new/,Yes,No,9.0,"K,",360 UNIX (New),Knowledge & Skills
VB.NET (New),https://www.shl.com/solutions/products/product-catalog/view/vb-net-new/,Yes,No,10.0,"K,",361 VB.NET (New),Knowledge & Skills
Verify - Deductive Reasoning,https://www.shl.com/solutions/products/product-catalog/view/verify-deductive-reasoning/,Yes,Yes,20.0,"A,",362 Verify - Deductive Reasoning,Ability & Aptitude
Verify - Following Instructions,https://www.shl.com/solutions/products/product-catalog/view/verify-following-instructions/,Yes,No,8.0,"A,",363 Verify - Following Instructions,Ability & Aptitude
Verify - G+,https://www.shl.com/solutions/products/product-catalog/view/verify-g/,Yes,Yes,36.0,"A,",364 Verify - G+,Ability & Aptitude
Verify - General Ability Screen,https://www.shl.com/solutions/products/product-catalog/view/verify-general-ability-screen/,Yes,Yes,10.0,"A,",365 Verify - General Ability Screen,Ability & Aptitude
Verify - Inductive Reasoning (2014),https://www.shl.com/solutions/products/product-catalog/view/verify-inductive-reasoning-2014/,Yes,Yes,24.0,"A,",366 Verify - Inductive Reasoning (2014),Ability & Aptitude
Verify - Numerical Ability,https://www.shl.com/solutions/products/product-catalog/view/verify-numerical-ability/,Yes,Yes,20.0,"A,",367 Verify - Numerical Ability,Ability & Aptitude
Verify - Technical Checking - Next Generation,https://www.shl.com/solutions/products/product-catalog/view/verify-technical-checking-next-generation/,Yes,No,5.0,"A,",368 Verify - Technical Checking - Next Generation,Ability & Aptitude
Verify - Verbal Ability - Next Generation,https://www.shl.com/solutions/products/product-catalog/view/verify-verbal-ability-next-generation/,Yes,Yes,15.0,"A,",369 Verify - Verbal Ability - Next Generation,Ability & Aptitude
Verify - Working with Information,https://www.shl.com/solutions/products/product-catalog/view/verify-working-with-information/,Yes,No,10.0,"A,",370 Verify - Working with Information,Ability & Aptitude
Verify G+ - Ability Test Report,https://www.shl.com/solutions/products/product-catalog/view/verify-g-ability-test-report/,Yes,No,0.0,"A,",371 Verify G+ - Ability Test Report,Ability & Aptitude
Verify G+ - Candidate Report,https://www.shl.com/solutions/products/product-catalog/view/verify-g-candidate-report/,Yes,No,0.0,"A,",372 Verify G+ - Candidate Report,Ability & Aptitude
Verify Interactive Ability Report,https://www.shl.com/solutions/products/product-catalog/view/verify-interactive-ability-report/,Yes,No,0.0,"A,",373 Verify Interactive Ability Report,Ability & Aptitude
Verify Interactive G+ Candidate Report,https://www.shl.com/solutions/products/product-catalog/view/verify-interactive-g-candidate-report/,Yes,No,0.0,"A,",374 Verify Interactive G+ Candidate Report,Ability & Aptitude
Verify Interactive G+ Report,https://www.shl.com/solutions/products/product-catalog/view/verify-interactive-g-report/,Yes,No,0.0,"A,",375 Verify Interactive G+ Report,Ability & Aptitude
Industrial - Semi-skilled 7.1 (Americas),https://www.shl.com/solutions/products/product-catalog/view/industrial-semi-skilled-7-1-%28americas%29/,Yes,No,24.0,"B,",376 Industrial - Semi-skilled 7.1 (Americas),Biodata & Situational Judgement
Industrial - Semi-skilled 7.1 (International),https://www.shl.com/solutions/products/product-catalog/view/industrial-semi-skilled-7-1-%28international%29/,Yes,No,24.0,"B,",377 Industrial - Semi-skilled 7.1 (International),Biodata & Situational Judgement
Industrial Professional and Skilled 7.1 (Americas),https://www.shl.com/solutions/products/product-catalog/view/industrial-professional-and-skilled-7-1-%28americas%29/,Yes,No,49.0,"A,B,",378 Industrial Professional and Skilled 7.1 (Americas),"Ability & Aptitude, Biodata & Situational Judgement"
Industrial Professional and Skilled 7.1 Solution,https://www.shl.com/solutions/products/product-catalog/view/industrial-professional-and-skilled-7-1-solution/,Yes,No,49.0,"A,B,",379 Industrial Professional and Skilled 7.1 Solution,"Ability & Aptitude, Biodata & Situational Judgement"
Installation and Repair Technician Solution,https://www.shl.com/solutions/products/product-catalog/view/installation-and-repair-technician-solution/,Yes,Yes,49.0,"A,B,P,S,",380 Installation and Repair Technician Solution,"Ability & Aptitude, Biodata & Situational Judgement, Personality & Behavior, Simulations"
Insurance Account Manager Solution,https://www.shl.com/solutions/products/product-catalog/view/insurance-account-manager-solution/,Yes,Yes,48.0,"A,B,P,S,",381 Insurance Account Manager Solution,"Ability & Aptitude, Biodata & Situational Judgement, Personality & Behavior, Simulations"
Insurance Administrative Assistant Solution,https://www.shl.com/solutions/products/product-catalog/view/insurance-administrative-assistant-solution/,Yes,Yes,24.0,"A,B,P,S,",382 Insurance Administrative Assistant Solution,"Ability & Aptitude, Biodata & Situational Judgement, Personality & Behavior, Simulations"
Insurance Agent Solution,https://www.shl.com/solutions/products/product-catalog/view/insurance-agent-solution/,Yes,Yes,46.0,"A,B,P,",383 Insurance Agent Solution,"Ability & Aptitude, Biodata & Situational Judgement, Personality & Behavior"
Insurance Director Solution,https://www.shl.com/solutions/products/product-catalog/view/insurance-director-solution/,Yes,Yes,49.0,"A,B,P,",384 Insurance Director Solution,"Ability & Aptitude, Biodata & Situational Judgement, Personality & Behavior"
Insurance Sales Manager Solution,https://www.shl.com/solutions/products/product-catalog/view/insurance-sales-manager-solution/,Yes,Yes,51.0,"A,B,P,S,",385 Insurance Sales Manager Solution,"Ability & Aptitude, Biodata & Situational Judgement, Personality & Behavior, Simulations"
Manager - Short Form,https://www.shl.com/solutions/products/product-catalog/view/manager-short-form/,Yes,Yes,57.0,"A,B,K,P,S,",386 Manager - Short Form,"Ability & Aptitude, Biodata & Situational Judgement, Knowledge & Skills, Personality & Behavior, Simulations"
Manager + 7.0 Solution,https://www.shl.com/solutions/products/product-catalog/view/manager-7-0-solution-3955/,Yes,Yes,53.0,"A,B,C,",387 Manager + 7.0 Solution,"Ability & Aptitude, Biodata & Situational Judgement, Competencies"
Verify Interactive Process Monitoring,https://www.shl.com/solutions/products/product-catalog/view/verify-interactive-process-monitoring/,Yes,No,18.0,"A,",388 Verify Interactive Process Monitoring,Ability & Aptitude
Virtual Assessment and Development Centers,https://www.shl.com/solutions/products/product-catalog/view/virtual-assessment-and-development-centers/,Yes,No,0.0,"P,",389 Virtual Assessment and Development Centers,Personality & Behavior
Visual Basic for Applications (New),https://www.shl.com/solutions/products/product-catalog/view/visual-basic-for-applications-new/,Yes,No,7.0,"K,",390 Visual Basic for Applications (New),Knowledge & Skills
Visual Comparison - UK,https://www.shl.com/solutions/products/product-catalog/view/visual-comparison-uk/,Yes,No,5.0,"K,",391 Visual Comparison - UK,Knowledge & Skills
Visual Comparison - US,https://www.shl.com/solutions/products/product-catalog/view/visual-comparison-us/,Yes,No,5.0,"K,",392 Visual Comparison - US,Knowledge & Skills
VLSI and Embedded Systems (New),https://www.shl.com/solutions/products/product-catalog/view/vlsi-and-embedded-systems-new/,Yes,No,9.0,"K,",393 VLSI and Embedded Systems (New),Knowledge & Skills
What Is The Value - US,https://www.shl.com/solutions/products/product-catalog/view/what-is-the-value-us/,Yes,Yes,5.0,"K,",394 What Is The Value - US,Knowledge & Skills
Workplace Administration Skills (New),https://www.shl.com/solutions/products/product-catalog/view/workplace-administration-skills-new/,Yes,No,12.0,"K,",395 Workplace Administration Skills (New),Knowledge & Skills
Workplace Health and Safety (New),https://www.shl.com/solutions/products/product-catalog/view/workplace-health-and-safety-new/,Yes,No,9.0,"K,",396 Workplace Health and Safety (New),Knowledge & Skills
WriteX - Email Writing (Customer Service) (New),https://www.shl.com/solutions/products/product-catalog/view/writex-email-writing-customer-service-new/,Yes,No,15.0,"S,",397 WriteX - Email Writing (Customer Service) (New),Simulations
WriteX - Email Writing (Managerial) (New),https://www.shl.com/solutions/products/product-catalog/view/writex-email-writing-managerial-new/,Yes,No,15.0,"S,",398 WriteX - Email Writing (Managerial) (New),Simulations
WriteX - Email Writing (Sales) (New),https://www.shl.com/solutions/products/product-catalog/view/writex-email-writing-sales-new/,Yes,No,15.0,"B,S,",399 WriteX - Email Writing (Sales) (New),"Biodata & Situational Judgement, Simulations"
Written English v1,https://www.shl.com/solutions/products/product-catalog/view/written-english-v1/,Yes,Yes,30.0,"K,",400 Written English v1,Knowledge & Skills
Written Spanish,https://www.shl.com/solutions/products/product-catalog/view/written-spanish/,Yes,Yes,22.0,"K,",401 Written Spanish,Knowledge & Skills
Zabbix (New),https://www.shl.com/solutions/products/product-catalog/view/zabbix-new/,Yes,No,9.0,"K,",402 Zabbix (New),Knowledge & Skills
360 Digital Report,https://www.shl.com/solutions/products/product-catalog/view/360-digital-report/,Yes,No,0.0,"D,",403 360 Digital Report,Development & 360
360° Multi-Rater Feedback System (MFS),https://www.shl.com/solutions/products/product-catalog/view/360-multi-rater-feedback-system-mfs/,Yes,No,0.0,"D,P,",404 360° Multi-Rater Feedback System (MFS),"Development & 360, Personality & Behavior"
Nursing Assistant Solution,https://www.shl.com/solutions/products/product-catalog/view/nursing-assistant-solution/,Yes,No,41.0,"A,B,P,",405 Nursing Assistant Solution,"Ability & Aptitude, Biodata & Situational Judgement, Personality & Behavior"
Personal Banker - Short Form,https://www.shl.com/solutions/products/product-catalog/view/personal-banker-short-form/,Yes,No,30.0,"A,B,K,P,S,",406 Personal Banker - Short Form,"Ability & Aptitude, Biodata & Situational Judgement, Knowledge & Skills, Personality & Behavior, Simulations"
Phone Banker - Short Form,https://www.shl.com/solutions/products/product-catalog/view/phone-banker-short-form/,Yes,No,40.0,"A,B,P,",407 Phone Banker - Short Form,"Ability & Aptitude, Biodata & Situational Judgement, Personality & Behavior"
Prep/Line Cook Solution,https://www.shl.com/solutions/products/product-catalog/view/prepline-cook-solution/,Yes,Yes,24.0,"A,B,P,",408 Prep/Line Cook Solution,"Ability & Aptitude, Biodata & Situational Judgement, Personality & Behavior"
Professional + 7.0 Solution,https://www.shl.com/solutions/products/product-catalog/view/professional-7-0-solution-3958/,Yes,Yes,51.0,"A,B,C,",409 Professional + 7.0 Solution,"Ability & Aptitude, Biodata & Situational Judgement, Competencies"
Professional + 7.1 (Americas),https://www.shl.com/solutions/products/product-catalog/view/professional-7-1-%28americas%29/,Yes,Yes,56.0,"B,C,P,",410 Professional + 7.1 (Americas),"Biodata & Situational Judgement, Competencies, Personality & Behavior"
Professional + 7.1 (International),https://www.shl.com/solutions/products/product-catalog/view/professional-7-1-solution/,Yes,Yes,56.0,"B,C,P,",411 Professional + 7.1 (International),"Biodata & Situational Judgement, Competencies, Personality & Behavior"
Professional 7.0 Solution,https://www.shl.com/solutions/products/product-catalog/view/professional-7-0-solution/,Yes,No,33.0,"B,C,",412 Professional 7.0 Solution,"Biodata & Situational Judgement, Competencies"
Professional 7.1 (International),https://www.shl.com/solutions/products/product-catalog/view/professional-7-1-solution-4247/,Yes,No,33.0,"C,B,",413 Professional 7.1 (International),"Competencies, Biodata & Situational Judgement"
Professional 8.0 JFA,https://www.shl.com/solutions/products/product-catalog/view/professional-8-0-jfa/,Yes,No,16.0,"B,K,P,",414 Professional 8.0 JFA,"Biodata & Situational Judgement, Knowledge & Skills, Personality & Behavior"
Professional/Individual Contributor - Short Form,https://www.shl.com/solutions/products/product-catalog/view/professionalindividual-contributor-short-form/,Yes,Yes,44.0,"A,B,P,S,",415 Professional/Individual Contributor - Short Form,"Ability & Aptitude, Biodata & Situational Judgement, Personality & Behavior, Simulations"
Project Manager - Short Form,https://www.shl.com/solutions/products/product-catalog/view/project-manager-short-form/,Yes,Yes,49.0,"A,B,P,S,",416 Project Manager - Short Form,"Ability & Aptitude, Biodata & Situational Judgement, Personality & Behavior, Simulations"
Proof Operator - Processing Specialist -Short Form,https://www.shl.com/solutions/products/product-catalog/view/proof-operator-processing-specialist-short-form/,Yes,No,30.0,"S,",417 Proof Operator - Processing Specialist -Short Form,Simulations
Reservation Agent Solution,https://www.shl.com/solutions/products/product-catalog/view/reservation-agent-solution/,Yes,Yes,43.0,"A,P,S,B,",418 Reservation Agent Solution,"Ability & Aptitude, Personality & Behavior, Simulations, Biodata & Situational Judgement"
Restaurant Manager Solution,https://www.shl.com/solutions/products/product-catalog/view/restaurant-manager-solution/,Yes,Yes,48.0,"A,B,P,S,",419 Restaurant Manager Solution,"Ability & Aptitude, Biodata & Situational Judgement, Personality & Behavior, Simulations"
Restaurant Supervisor Solution,https://www.shl.com/solutions/products/product-catalog/view/restaurant-supervisor-solution/,Yes,Yes,53.0,"A,B,P,",420 Restaurant Supervisor Solution,"Ability & Aptitude, Biodata & Situational Judgement, Personality & Behavior"
Retail Consultant Solution,https://www.shl.com/solutions/products/product-catalog/view/retail-consultant-solution/,Yes,Yes,45.0,"A,B,P,",421 Retail Consultant Solution,"Ability & Aptitude, Biodata & Situational Judgement, Personality & Behavior"
Retail Manager w/ Sales Solution,https://www.shl.com/solutions/products/product-catalog/view/retail-manager-w-sales-solution/,Yes,Yes,43.0,"A,B,P,",422 Retail Manager w/ Sales Solution,"Ability & Aptitude, Biodata & Situational Judgement, Personality & Behavior"
Retail Sales Associate Solution,https://www.shl.com/solutions/products/product-catalog/view/retail-sales-associate-solution/,Yes,Yes,29.0,"A,B,P,",423 Retail Sales Associate Solution,"Ability & Aptitude, Biodata & Situational Judgement, Personality & Behavior"
Sales Director Solution,https://www.shl.com/solutions/products/product-catalog/view/sales-director-solution/,Yes,Yes,59.0,"A,B,P,",424 Sales Director Solution,"Ability & Aptitude, Biodata & Situational Judgement, Personality & Behavior"
Sales Engineer Solution,https://www.shl.com/solutions/products/product-catalog/view/sales-engineer-solution/,Yes,Yes,61.0,"A,B,K,P,S,",425 Sales Engineer Solution,"Ability & Aptitude, Biodata & Situational Judgement, Knowledge & Skills, Personality & Behavior, Simulations"
Sales Manager Solution,https://www.shl.com/solutions/products/product-catalog/view/sales-manager-solution/,Yes,Yes,63.0,"A,B,P,",426 Sales Manager Solution,"Ability & Aptitude, Biodata & Situational Judgement, Personality & Behavior"
Sales Professional 7.0 Solution,https://www.shl.com/solutions/products/product-catalog/view/sales-professional-7-0-solution/,Yes,No,21.0,"C,B,",427 Sales Professional 7.0 Solution,"Competencies, Biodata & Situational Judgement"
Sales Professional 7.1 (Americas),https://www.shl.com/solutions/products/product-catalog/view/sales-professional-7-1-%28americas%29/,Yes,No,21.0,"B,C,",428 Sales Professional 7.1 (Americas),"Biodata & Situational Judgement, Competencies"
Sales Professional Solution,https://www.shl.com/solutions/products/product-catalog/view/sales-professional-solution/,Yes,Yes,47.0,"A,B,P,",429 Sales Professional Solution,"Ability & Aptitude, Biodata & Situational Judgement, Personality & Behavior"
Sales Representative Solution,https://www.shl.com/solutions/products/product-catalog/view/sales-representative-solution/,Yes,Yes,29.0,"A,B,P,",430 Sales Representative Solution,"Ability & Aptitude, Biodata & Situational Judgement, Personality & Behavior"
Sales Supervisor Solution,https://www.shl.com/solutions/products/product-catalog/view/sales-supervisor-solution/,Yes,Yes,38.0,"A,B,P,",431 Sales Supervisor Solution,"Ability & Aptitude, Biodata & Situational Judgement, Personality & Behavior"
Sales Support Specialist Solution,https://www.shl.com/solutions/products/product-catalog/view/sales-support-specialist-solution/,Yes,Yes,43.0,"A,B,P,",432 Sales Support Specialist Solution,"Ability & Aptitude, Biodata & Situational Judgement, Personality & Behavior"
Senior Insurance Agent Solution,https://www.shl.com/solutions/products/product-catalog/view/senior-insurance-agent-solution/,Yes,No,44.0,"A,B,P,",433 Senior Insurance Agent Solution,"Ability & Aptitude, Biodata & Situational Judgement, Personality & Behavior"
Senior Sales Professional Solution,https://www.shl.com/solutions/products/product-catalog/view/senior-sales-professional-solution/,Yes,Yes,42.0,"A,B,P,",434 Senior Sales Professional Solution,"Ability & Aptitude, Biodata & Situational Judgement, Personality & Behavior"
Server Solution,https://www.shl.com/solutions/products/product-catalog/view/server-solution/,Yes,Yes,40.0,"B,A,P,",435 Server Solution,"Biodata & Situational Judgement, Ability & Aptitude, Personality & Behavior"
Service Associate Solution,https://www.shl.com/solutions/products/product-catalog/view/service-associate-solution/,Yes,Yes,38.0,"A,B,P,",436 Service Associate Solution,"Ability & Aptitude, Biodata & Situational Judgement, Personality & Behavior"
Service Supervisor Solution,https://www.shl.com/solutions/products/product-catalog/view/service-supervisor-solution/,Yes,Yes,48.0,"A,B,P,",437 Service Supervisor Solution,"Ability & Aptitude, Biodata & Situational Judgement, Personality & Behavior"
Stock Clerk Solution,https://www.shl.com/solutions/products/product-catalog/view/stock-clerk-solution/,Yes,No,25.0,"A,B,P,",438 Stock Clerk Solution,"Ability & Aptitude, Biodata & Situational Judgement, Personality & Behavior"
Store Manager 7.0 Solution,https://www.shl.com/solutions/products/product-catalog/view/store-manager-7-0-solution/,Yes,No,34.0,"B,C,",439 Store Manager 7.0 Solution,"Biodata & Situational Judgement, Competencies"
Store Manager 7.1 (Americas),https://www.shl.com/solutions/products/product-catalog/view/store-manager-7-1-%28americas%29/,Yes,No,34.0,"B,C,",440 Store Manager 7.1 (Americas),"Biodata & Situational Judgement, Competencies"
Store Manager 7.1 (International),https://www.shl.com/solutions/products/product-catalog/view/store-manager-7-1-%28international%29/,Yes,No,34.0,"C,B,",441 Store Manager 7.1 (International),"Competencies, Biodata & Situational Judgement"
Store Manager Solution,https://www.shl.com/solutions/products/product-catalog/view/store-manager-solution/,Yes,Yes,49.0,"A,B,P,",442 Store Manager Solution,"Ability & Aptitude, Biodata & Situational Judgement, Personality & Behavior"
Supervisor - Short Form,https://www.shl.com/solutions/products/product-catalog/view/supervisor-short-form/,Yes,Yes,57.0,"S,",443 Supervisor - Short Form,Simulations
Supervisor 7.0 Solution,https://www.shl.com/solutions/products/product-catalog/view/supervisor-7-0-solution/,Yes,No,32.0,"B,C,",444 Supervisor 7.0 Solution,"Biodata & Situational Judgement, Competencies"
Supervisor 7.1 (Americas),https://www.shl.com/solutions/products/product-catalog/view/supervisor-7-1-%28americas%29/,Yes,No,29.0,"B,C,P,",445 Supervisor 7.1 (Americas),"Biodata & Situational Judgement, Competencies, Personality & Behavior"
Supervisor 7.1 (International),https://www.shl.com/solutions/products/product-catalog/view/supervisor-7-1-%28international%29/,Yes,No,29.0,"P,C,B,",446 Supervisor 7.1 (International),"Personality & Behavior, Competencies, Biodata & Situational Judgement"
Support Associate Solution,https://www.shl.com/solutions/products/product-catalog/view/support-associate-solution/,Yes,Yes,38.0,"A,B,P,",447 Support Associate Solution,"Ability & Aptitude, Biodata & Situational Judgement, Personality & Behavior"
Support Supervisor Solution,https://www.shl.com/solutions/products/product-catalog/view/support-supervisor-solution/,Yes,Yes,39.0,"A,P,S,B,",448 Support Supervisor Solution,"Ability & Aptitude, Personality & Behavior, Simulations, Biodata & Situational Judgement"
Technical Sales Associate Solution,https://www.shl.com/solutions/products/product-catalog/view/technical-sales-associate-solution/,Yes,No,41.0,"A,B,P,",449 Technical Sales Associate Solution,"Ability & Aptitude, Biodata & Situational Judgement, Personality & Behavior"
Technician/Technologist Solution,https://www.shl.com/solutions/products/product-catalog/view/techniciantechnologist-solution/,Yes,Yes,52.0,"A,B,P,",450 Technician/Technologist Solution,"Ability & Aptitude, Biodata & Situational Judgement, Personality & Behavior"
Technology Professional 8.0 Job Focused Assessment,https://www.shl.com/solutions/products/product-catalog/view/technology-professional-8-0-job-focused-assessment/,Yes,No,16.0,"C,P,",451 Technology Professional 8.0 Job Focused Assessment,"Competencies, Personality & Behavior"
Telenurse Solution,https://www.shl.com/solutions/products/product-catalog/view/telenurse-solution/,Yes,Yes,68.0,"A,B,P,",452 Telenurse Solution,"Ability & Aptitude, Biodata & Situational Judgement, Personality & Behavior"
